entities,min,max,avg
1,7.80224974732846e-06,1.1185579933226108e-05,9.66229394543916e-06
2,8.320310153067112e-06,2.67318804981187e-05,1.2798106181435286e-05
3,8.293960127048194e-06,8.352669537998735e-06,8.317503961734472e-06
4,8.263810304924845e-06,8.33763973787427e-06,8.31001007463783e-06
5,8.310090051963926e-06,1.1980139533989132e-05,9.048365871421993e-06
6,8.28965043183416e-06,8.914109785109758e-06,8.453534101136028e-06
7,8.244359632954e-06,8.509259787388146e-06,8.343789959326387e-06
8,8.155609830282628e-06,8.360780193470418e-06,8.256532019004225e-06
9,8.114930242300034e-06,1.2679829960688949e-05,9.239642065949738e-06
10,8.13216029200703e-06,8.293360006064176e-06,8.21195007301867e-06
11,8.141680154949427e-06,8.272219565697014e-06,8.231585961766541e-06
12,8.07194970548153e-06,8.195880218409001e-06,8.140017976984381e-06
13,8.073649951256812e-06,1.0229520266875625e-05,8.54548392817378e-06
14,8.11873993370682e-06,8.228839724324644e-06,8.170312037691474e-06
15,8.130049682222307e-06,8.213720284402371e-06,8.162697893567383e-06
16,7.968359859660268e-06,1.1755729792639613e-05,8.905201917514205e-06
17,8.204490295611322e-06,8.303970098495483e-06,8.251497987657786e-06
18,8.200189913623035e-06,8.337640319950879e-06,8.289170102216304e-06
19,8.195679984055459e-06,8.326719980686903e-06,8.246191777288913e-06
20,8.148489869199693e-06,1.1057250085286795e-05,9.060290060006082e-06
21,8.236659923568367e-06,8.440230158157646e-06,8.318244130350649e-06
22,8.330629789270461e-06,8.477899827994406e-06,8.380139712244272e-06
23,8.317299652844667e-06,1.1219040025025607e-05,9.240200044587255e-06
24,8.173040114343167e-06,8.281939662992955e-06,8.21711786556989e-06
25,8.295869920402765e-06,8.386329864151775e-06,8.347720140591263e-06
26,8.335329475812614e-06,1.1060950346291065e-05,8.934717974625527e-06
27,8.236750145442784e-06,8.469480089843273e-06,8.382781990803778e-06
28,8.387229754589499e-06,8.481710101477803e-06,8.44030804000795e-06
29,8.380519575439394e-06,8.518070098944008e-06,8.437023963779212e-06
30,8.421890088357031e-06,1.2257049675099552e-05,9.393099928274751e-06
31,8.44042981043458e-06,8.600729634054005e-06,8.513543987646698e-06
32,8.318109903484583e-06,8.514960063621401e-06,8.424157975241542e-06
33,8.388240239582956e-06,1.2111179530620576e-05,9.249857859686017e-06
34,8.529199985787273e-06,8.744290098547936e-06,8.612267905846238e-06
35,8.464180282317102e-06,9.413519874215127e-06,8.681993931531907e-06
36,8.479100069962441e-06,1.240612007677555e-05,9.311852045357227e-06
37,8.438919903710485e-06,9.075790294446052e-06,8.645343827083706e-06
38,8.59221036080271e-06,8.743689977563918e-06,8.672738098539412e-06
39,8.52227967698127e-06,9.243409731425345e-06,8.755687857046723e-06
40,8.59291001688689e-06,1.0580269736237824e-05,9.034521877765656e-06
41,8.581390138715506e-06,8.876429637894034e-06,8.702611899934709e-06
42,8.62015993334353e-06,8.755010203458368e-06,8.689748006872833e-06
43,8.700809557922184e-06,1.1574800009839236e-05,9.717458044178784e-06
44,8.549829944968223e-06,8.746200473979115e-06,8.670774172060192e-06
45,8.56935977935791e-06,8.701109909452498e-06,8.63127806223929e-06
46,8.704410283826292e-06,1.2725109700113535e-05,9.592846152372658e-06
47,8.695599972270429e-06,9.969639941118657e-06,9.144505951553583e-06
48,8.627470233477652e-06,9.371049818582833e-06,8.936081896536054e-06
49,8.811120060272516e-06,1.246322994120419e-05,9.708922123536469e-06
50,8.94264958333224e-06,9.691829909570515e-06,9.185857838019728e-06
51,8.945859735831619e-06,9.146220399998128e-06,9.04353812802583e-06
52,8.913100464269519e-06,1.189528964459896e-05,9.63050010614097e-06
53,8.949359762482344e-06,9.613289730623364e-06,9.133803891018034e-06
54,9.00957966223359e-06,2.1810129983350634e-05,1.161432988010347e-05
55,9.147129603661596e-06,2.197492984123528e-05,1.1968277976848186e-05
56,8.909890311770141e-06,9.601860074326397e-06,9.066900121979415e-06
57,9.024600149132312e-06,9.135500295087696e-06,9.06445411965251e-06
58,9.098539594560862e-06,1.291126012802124e-05,1.0001241927966475e-05
59,9.180489578284322e-06,9.251020383089781e-06,9.214171906933187e-06
60,9.031419758684932e-06,9.137910092249513e-06,9.086818085052072e-06
61,9.057460119947792e-06,1.2741439859382808e-05,9.968458092771471e-06
62,9.176480234600604e-06,9.265540284104645e-06,9.220362175256014e-06
63,9.145320509560406e-06,9.280379745177924e-06,9.190090117044747e-06
64,9.084210032597185e-06,1.1551249772310256e-05,9.84072603750974e-06
65,9.24049993045628e-06,9.399399859830737e-06,9.333492023870348e-06
66,9.318350348621607e-06,9.396190289407969e-06,9.364249999634923e-06
67,9.425639873370529e-06,1.2581750052049756e-05,1.0192716028541326e-05
68,9.33196977712214e-06,9.423030423931777e-06,9.367114049382507e-06
69,9.368129540234804e-06,9.453800157643854e-06,9.407449862919748e-06
70,9.450690122321248e-06,1.3104710378684103e-05,1.0205256170593201e-05
71,9.54165996517986e-06,9.634330053813755e-06,9.607555926777423e-06
72,9.241200168617069e-06,1.2246730038896203e-05,9.86370607279241e-06
73,9.532140102237464e-06,1.0082349763251842e-05,9.66223783325404e-06
74,9.616789757274091e-06,9.75575007032603e-06,9.656985756009818e-06
75,9.674199973233044e-06,1.5518449945375323e-05,1.148543192539364e-05
76,9.543659980408847e-06,9.665980469435453e-06,9.586576139554382e-06
77,9.556480217725038e-06,9.608779801055788e-06,9.586074040271341e-06
78,9.624200174584985e-06,1.3439930044114589e-05,1.0541475960053504e-05
79,9.779590182006358e-06,1.0524859535507857e-05,9.931453852914274e-06
80,9.429650381207466e-06,9.495069971308112e-06,9.457158041186631e-06
81,9.842709987424314e-06,1.281067030504346e-05,1.0730782058089972e-05
82,9.954919805750251e-06,1.039913040585816e-05,1.0067542199976743e-05
83,1.0085550020448863e-05,1.2745140120387077e-05,1.0808204067870975e-05
84,9.917850256897509e-06,1.0524469544179738e-05,1.0078021907247603e-05
85,9.982360061258078e-06,1.0041780187748373e-05,1.0004464071244003e-05
86,1.0019430192187428e-05,6.171033019199967e-05,2.2370134014636276e-05
87,1.0253870277665555e-05,1.0311370133422315e-05,1.0270356084220112e-05
88,9.823879809118807e-06,1.2476849951781332e-05,1.064260199200362e-05
89,1.0202169651165605e-05,1.0259969858452678e-05,1.0224027908407152e-05
90,1.0293940431438386e-05,1.3743889867328108e-05,1.1004246072843671e-05
91,1.0465150116942823e-05,1.0631860350258648e-05,1.051276212092489e-05
92,1.0166799766011537e-05,1.0205669677816332e-05,1.0186597937718035e-05
93,1.0287830373272299e-05,1.1916920193471015e-05,1.0804918128997088e-05
94,1.035724999383092e-05,1.047948026098311e-05,1.0421151993796229e-05
95,1.0558629874140024e-05,1.4249220257624983e-05,1.1450667981989682e-05
96,1.0108000133186578e-05,1.0162589605897665e-05,1.0129895876161754e-05
97,1.0568150319159031e-05,1.0616739746183158e-05,1.0587965836748482e-05
98,1.074447005521506e-05,1.4602059964090586e-05,1.1558788130059838e-05
99,1.0865990188904107e-05,1.1056539951823652e-05,1.0946678114123642e-05
100,1.061854010913521e-05,1.3993240427225829e-05,1.130856608506292e-05
101,1.0765710030682384e-05,1.0848050005733966e-05,1.079856394790113e-05
102,1.0918789776042104e-05,1.0985509725287556e-05,1.0954393888823688e-05
103,1.1113240034319461e-05,1.4497680240310729e-05,1.182249013800174e-05
104,1.0605209972709417e-05,1.064388023223728e-05,1.0626747971400618e-05
105,1.1036310461349785e-05,1.4722889754921198e-05,1.1794120073318482e-05
106,1.1154919629916549e-05,1.1297980090603233e-05,1.1228979914449156e-05
107,1.128767034970224e-05,1.3612639741040766e-05,1.1799367959611118e-05
108,1.100755005609244e-05,1.1076380033046008e-05,1.103494397830218e-05
109,1.115843013394624e-05,1.1253199772909284e-05,1.119990402366966e-05
110,1.1319229961372913e-05,1.4828179846517742e-05,1.215087587479502e-05
111,1.150216965470463e-05,1.158702012617141e-05,1.1540996027179062e-05
112,1.0969879804179073e-05,1.507352979388088e-05,1.1928985826671123e-05
113,1.1512680212035775e-05,1.1598340352065861e-05,1.1561112012714147e-05
114,1.1712750419974326e-05,1.5143759665079415e-05,1.2656904058530927e-05
115,1.193405012600124e-05,1.3635689974762499e-05,1.2406444060616194e-05
116,1.1532120406627655e-05,3.423237998504192e-05,1.6202692058868706e-05
117,1.1711749830283224e-05,1.6984950052574275e-05,1.285268599167466e-05
118,1.1970519553869962e-05,1.5514640253968536e-05,1.2833187938667833e-05
119,1.2124509667046368e-05,1.2213470181450248e-05,1.2161534046754242e-05
120,1.1558159603737295e-05,1.2324670096859336e-05,1.1761578032746911e-05
121,1.2014100211672486e-05,1.4049549936316907e-05,1.2444436084479093e-05
122,1.213823037687689e-05,1.220384961925447e-05,1.2158970115706325e-05
123,1.2353230267763138e-05,1.491254020947963e-05,1.3240162050351501e-05
124,1.1945070000365376e-05,1.2008100165985524e-05,1.1982824071310461e-05
125,1.2120100436732172e-05,1.609781989827752e-05,1.2929950258694589e-05
126,1.2325380230322481e-05,1.2379969703033567e-05,1.2351283919997512e-05
127,1.257112016901374e-05,1.5224309754557907e-05,1.3445375952869653e-05
128,1.1882760445587336e-05,1.1932050110772252e-05,1.1909870081581176e-05
129,1.2474949471652508e-05,1.5844550216570496e-05,1.3187039992772041e-05
130,1.2650580029003322e-05,1.2760779936797917e-05,1.2689667870290576e-05
131,1.2896020198240876e-05,1.5594889991916715e-05,1.3725708005949852e-05
132,1.250511035323143e-05,1.2580549810081721e-05,1.255551993381232e-05
133,1.2741739628836513e-05,1.511209993623197e-05,1.3309967936947942e-05
134,1.290533982682973e-05,1.3094890164211392e-05,1.2976171914488076e-05
135,1.325919001828879e-05,1.5656910254620015e-05,1.3908830005675553e-05
136,1.2478550197556614e-05,1.3404259807430207e-05,1.2764864135533571e-05
137,1.3105410034768284e-05,1.559048017952591e-05,1.391606405377388e-05
138,1.332751999143511e-05,1.3364990008994937e-05,1.334914192557335e-05
139,1.1971630156040192e-05,1.563024998176843e-05,1.3612303882837296e-05
140,1.012723019812256e-05,1.1336560128256678e-05,1.0772638022899629e-05
141,9.803539724089205e-06,1.3460670015774667e-05,1.0624627931974828e-05
142,1.0001399787142872e-05,1.0496110189706086e-05,1.0245388140901924e-05
143,1.0175220086239279e-05,1.0263280128128826e-05,1.020716002676636e-05
144,9.628509869799018e-06,1.234991999808699e-05,1.0303535847924649e-05
145,1.014576992020011e-05,1.0191350011155009e-05,1.0168768116272986e-05
146,1.0277109686285257e-05,1.0333209647797048e-05,1.0304397786967457e-05
147,1.0526470141485334e-05,1.2718100333586335e-05,1.0985412052832543e-05
148,1.0066819959320128e-05,1.0375790297985077e-05,1.0181352030485869e-05
149,1.0324189788661898e-05,1.2999119935557246e-05,1.0978957870975137e-05
150,1.0496510076336563e-05,1.0563230025582016e-05,1.052812789566815e-05
151,1.0727029875852168e-05,1.0815999703481793e-05,1.0761718032881617e-05
152,1.0154289775528013e-05,1.2027019984088838e-05,1.0549405938945712e-05
153,1.060091017279774e-05,1.0636670049279929e-05,1.0615393985062839e-05
154,1.0751679656095803e-05,1.3162919785827398e-05,1.135482988320291e-05
155,1.0970879811793566e-05,1.1028689914382995e-05,1.0996309923939408e-05
156,1.0552619933150709e-05,1.306524034589529e-05,1.1076480033807457e-05
157,1.0765910265035927e-05,1.1336159659549593e-05,1.089476398192346e-05
158,1.0941930231638252e-05,1.0991920134983957e-05,1.0974772041663527e-05
159,1.114309998229146e-05,1.3973810127936304e-05,1.173042005393654e-05
160,1.0519250063225627e-05,1.0582669638097286e-05,1.0554015985690057e-05
161,1.1079789837822318e-05,1.29430100787431e-05,1.1483625974506139e-05
162,1.1247200309298932e-05,1.1311109992675484e-05,1.1266508139669895e-05
163,1.1497249943204224e-05,1.418129017110914e-05,1.2058784021064639e-05
164,1.1092399945482612e-05,1.1653840192593635e-05,1.1217998107895256e-05
165,1.1286259978078306e-05,1.137962972279638e-05,1.1326133855618536e-05
166,1.146399008575827e-05,1.4205729821696877e-05,1.2046359828673303e-05
167,1.169242023024708e-05,1.1757839820347726e-05,1.1727338191121817e-05
168,1.1082789860665798e-05,1.3174230116419493e-05,1.174396404530853e-05
169,1.1618369608186186e-05,1.1705540237016976e-05,1.166485995054245e-05
170,1.1804120149463415e-05,1.4242400065995753e-05,1.2389676179736853e-05
171,1.1967520113103091e-05,1.2090950040146709e-05,1.2004568008705973e-05
172,1.1558470432646573e-05,1.4225170016288757e-05,1.2122404063120484e-05
173,1.1790990247391165e-05,1.2290310114622117e-05,1.1912376037798822e-05
174,1.1971719795837998e-05,1.2076310231350362e-05,1.203191583044827e-05
175,1.2211060384288431e-05,1.4656370040029287e-05,1.2820285977795719e-05
176,1.1529609910212457e-05,1.1657149880193174e-05,1.1568021960556507e-05
177,1.2137829908169805e-05,1.4913240447640418e-05,1.270816195756197e-05
178,1.226736989337951e-05,1.2340199900791048e-05,1.2303495896048845e-05
179,1.2557099689729511e-05,1.3699400005862116e-05,1.2821445823647083e-05
180,1.208763977047056e-05,1.2491079978644848e-05,1.2205536128021778e-05
181,1.2313259649090469e-05,1.4982169959694147e-05,1.2975894031114877e-05
182,1.2531050015240907e-05,1.2750059831887483e-05,1.2615449842996895e-05
183,1.2855950044468046e-05,1.539952994789928e-05,1.3484748080372811e-05
184,1.2108469964005053e-05,1.224733015988022e-05,1.2144079897552729e-05
185,1.2654879828915e-05,1.55515200458467e-05,1.3302954030223191e-05
186,1.283160992898047e-05,1.3138169888406992e-05,1.2925961869768797e-05
187,1.3072650181129576e-05,1.5945439809001983e-05,1.3707219972275197e-05
188,1.2614299776032566e-05,1.2666000402532519e-05,1.264322001952678e-05
189,1.2865969911217689e-05,1.538210024591535e-05,1.3391920132562517e-05
190,1.3097799965180456e-05,1.4511800254695117e-05,1.3416182016953826e-05
191,1.3338339631445705e-05,1.5962370089255273e-05,1.3981343945488334e-05
192,1.2572940322570503e-05,1.2696660123765468e-05,1.2613206170499324e-05
193,1.3220530236139894e-05,1.5125230420380831e-05,1.3651798130013049e-05
194,1.3428909587673843e-05,2.3438119678758086e-05,1.5460363822057846e-05
195,1.3758610002696514e-05,1.6103730304166674e-05,1.4441247913055122e-05
196,1.3164620031602681e-05,1.337229972705245e-05,1.3241459964774548e-05
197,1.3446040102280676e-05,1.626201963517815e-05,1.4048623968847094e-05
198,1.3721439754590393e-05,1.3795880367979408e-05,1.3766128104180096e-05
199,1.3991749729029834e-05,1.6741600120440125e-05,1.4673296012915672e-05
200,1.320238981861621e-05,1.3423790223896503e-05,1.3287886045873165e-05
201,1.3876120210625231e-05,1.6914819716475905e-05,1.4493423979729416e-05
202,1.4031120226718485e-05,1.649464014917612e-05,1.4589481987059116e-05
203,1.4294299762696028e-05,1.4989469782449305e-05,1.456106803379953e-05
204,1.383444992825389e-05,1.633765990845859e-05,1.45055060274899e-05
205,1.4149530325084924e-05,1.4287579688243568e-05,1.4234687900170682e-05
206,1.4607979683205485e-05,1.7251140088774265e-05,1.5583994099870323e-05
207,1.4608580386266112e-05,1.5019740094430745e-05,1.479095418471843e-05
208,1.3911889982409776e-05,1.796004013158381e-05,1.5674258000217378e-05
209,1.44450698280707e-05,1.4710569521412254e-05,1.4615909894928337e-05
210,1.4859740040265025e-05,1.8050909857265652e-05,1.5661053941585124e-05
211,1.5096869901753962e-05,1.7566820024512707e-05,1.576400198973715e-05
212,1.4425640110857784e-05,1.488558016717434e-05,1.4689906034618617e-05
213,1.4826080296188593e-05,1.7727109952829778e-05,1.5560170053504407e-05
214,1.5195249579846859e-05,1.5361759578809143e-05,1.5276305843144654e-05
215,1.5368280000984668e-05,1.873817993327975e-05,1.6161134000867602e-05
216,1.4679410378448665e-05,1.714584999717772e-05,1.5263342065736653e-05
217,1.5256869955919683e-05,1.583614037372172e-05,1.5430829836986958e-05
218,1.5483389724977314e-05,1.8556140130385756e-05,1.6206935979425906e-05
219,1.5812889905646444e-05,1.6052030259743334e-05,1.590033411048353e-05
220,1.535786024760455e-05,1.807666034437716e-05,1.5938744181767105e-05
221,1.5492700040340423e-05,1.574145979247987e-05,1.5650289948098362e-05
222,1.5831829514354468e-05,1.780104998033494e-05,1.6292575863189994e-05
223,1.6046619857661427e-05,2.5571539881639184e-05,1.8081203917972743e-05
224,1.5055399853736162e-05,1.5606609522365034e-05,1.5288485912606118e-05
225,1.604210992809385e-05,1.7867970163933934e-05,1.6472825896926225e-05
226,1.6539929783903063e-05,1.8114630365744232e-05,1.6996489954181018e-05
227,1.634486950933933e-05,1.7096049850806595e-05,1.656433194875717e-05
228,1.5805280418135227e-05,1.8659629859030247e-05,1.664821000304073e-05
229,1.6403679619543255e-05,1.8509949441067875e-05,1.6919027781113983e-05
230,1.6632699989713728e-05,1.731896016281098e-05,1.6861702082678676e-05
231,1.6953690210357308e-05,1.9709169864654542e-05,1.7695757909677922e-05
232,1.6060449997894466e-05,1.639515976421535e-05,1.623811398167163e-05
233,1.6666160081513227e-05,1.9965839455835522e-05,1.7415341921150683e-05
234,1.714683952741325e-05,1.8171630217693745e-05,1.7572948010638355e-05
235,1.7458719667047263e-05,1.7663600156083705e-05,1.752842788118869e-05
236,1.692243036814034e-05,1.9077000324614346e-05,1.770887803286314e-05
237,1.7045959830284118e-05,2.0370280253700912e-05,1.777614396996796e-05
238,1.7404319951310754e-05,1.846636994741857e-05,1.7708137980662287e-05
239,1.7801750218495726e-05,2.049119968432933e-05,1.853413612116128e-05
240,1.6795499832369387e-05,1.9861640175804496e-05,1.7452988191507757e-05
241,1.7576540121808647e-05,1.7727509839460253e-05,1.766141387633979e-05
242,1.7794740269891918e-05,1.8588700331747532e-05,1.80715280584991e-05
243,1.822502992581576e-05,1.9649650203064083e-05,1.8550386070273817e-05
244,1.7578539554961026e-05,1.7778309993445872e-05,1.7659147968515755e-05
245,1.7859049839898945e-05,2.0720920292660595e-05,1.8528102082200348e-05
246,1.831218949519098e-05,2.0929499878548086e-05,1.8900389899499716e-05
247,1.8628869438543915e-05,2.0927899749949575e-05,1.9109535845927894e-05
248,1.7507310258224606e-05,1.8475080141797663e-05,1.7891114228405057e-05
249,1.840956974774599e-05,2.0184440072625874e-05,1.8835151917301118e-05
250,1.868557999841869e-05,1.918138994369656e-05,1.8812831956893204e-05
251,1.8972899997606874e-05,1.9195510540157556e-05,1.906529418192804e-05
252,1.8323909607715904e-05,1.8818220123648643e-05,1.851564401295036e-05
253,1.870431995484978e-05,2.1781569812446834e-05,1.9387489883229135e-05
254,1.9126480328850448e-05,2.0040770177729428e-05,1.9346570130437612e-05
255,1.9414620473980904e-05,2.1255610045045613e-05,1.9846954150125384e-05
256,1.8199289916083216e-05,2.126050996594131e-05,1.9071045913733543e-05
257,1.9142020028084518e-05,2.188475977163762e-05,1.9925097934901714e-05
258,1.9478340400382878e-05,1.962279959116131e-05,1.9559443928301332e-05
259,1.9834490376524628e-05,2.2489280090667308e-05,2.0386207965202633e-05
260,1.914152002427727e-05,2.2788019850850106e-05,1.997328398283571e-05
261,1.961639034561813e-05,2.1321119857020675e-05,2.001548185944557e-05
262,1.992455974686891e-05,2.022029017098248e-05,2.0062105846591293e-05
263,2.0186440087854864e-05,2.2845930070616306e-05,2.0869333995506168e-05
264,1.913249958306551e-05,2.2512319847010077e-05,1.998105982784182e-05
265,2.008836017921567e-05,2.2047159727662802e-05,2.0621218020096423e-05
266,2.0308970124460757e-05,2.103379985783249e-05,2.0516889984719454e-05
267,2.0808380213566124e-05,2.377323980908841e-05,2.1440183976665138e-05
268,2.008204988669604e-05,2.2740529966540636e-05,2.0728733856230973e-05
269,2.0420270157046616e-05,2.2972859442234038e-05,2.0984243834391234e-05
270,2.0803370280191302e-05,2.376511984039098e-05,2.144343184772879e-05
271,2.11916898842901e-05,2.1430630004033445e-05,2.1288647782057524e-05
272,1.9977850024588405e-05,2.2173089673742654e-05,2.0755343954078852e-05
273,2.0876299822703003e-05,2.4137599975802004e-05,2.170016197487712e-05
274,2.1289769792929293e-05,2.431343018542975e-05,2.192667790222913e-05
275,2.1781270042993128e-05,2.4175569997169078e-05,2.229010802693665e-05
276,2.0818000193685294e-05,2.142462006304413e-05,2.1045497967861593e-05
277,2.1293569589033722e-05,2.291215001605451e-05,2.1812506020069122e-05
278,2.1617169841192664e-05,2.2346109617501497e-05,2.189355599693954e-05
279,2.2120390203781424e-05,2.309829986188561e-05,2.239211613778025e-05
280,2.101896970998496e-05,2.4036919930949808e-05,2.1635181969031693e-05
281,2.182945958338678e-05,2.1978639997541903e-05,2.187949593644589e-05
282,2.212319988757372e-05,2.524194016586989e-05,2.289598202332854e-05
283,2.24359700223431e-05,2.5412850081920624e-05,2.3108834051527082e-05
284,2.112607005983591e-05,5.251070018857717e-05,2.8907942003570498e-05
285,2.1501960000023245e-05,2.456448972225189e-05,2.2739591891877352e-05
286,2.262972993776202e-05,2.5444509810768066e-05,2.339223399758339e-05
287,2.290914999321103e-05,2.59988202014938e-05,2.3719538003206253e-05
288,2.187645004596561e-05,2.5048079551197587e-05,2.2545737796463072e-05
289,2.2796239936724304e-05,2.3021459928713738e-05,2.2912014042958616e-05
290,2.3165110033005476e-05,2.5563130038790404e-05,2.3723363992758094e-05
291,2.3439230280928312e-05,2.592869976069778e-05,2.4013280053623018e-05
292,2.2615710040554404e-05,2.7325470000505447e-05,2.491064998321235e-05
293,2.3128950269892813e-05,2.639155020006001e-05,2.4016242125071584e-05
294,2.3654919932596385e-05,2.6853500166907906e-05,2.435518603306264e-05
295,2.4134800187312068e-05,2.4531629751436412e-05,2.4290182162076235e-05
296,2.2740240092389284e-05,2.5482180062681438e-05,2.3344188113696873e-05
297,2.3621460422873496e-05,2.68130301265046e-05,2.4432086152955886e-05
298,2.40121700335294e-05,2.6613759691826998e-05,2.4585809791460632e-05
299,2.443996025249362e-05,2.487496007233858e-05,2.4570839945226907e-05
300,2.3675959673710168e-05,2.6426209951750935e-05,2.4275277974084018e-05
301,2.416324976366013e-05,2.6900479570031164e-05,2.479922189377248e-05
302,2.4563990300521255e-05,2.7412830386310817e-05,2.5239774258807303e-05
303,2.5093270232900976e-05,2.7652470162138343e-05,2.5634257937781515e-05
304,2.3746489896439017e-05,2.4393980274908245e-05,2.3928580107167363e-05
305,2.473920991178602e-05,2.7908039628528057e-05,2.5438398006372152e-05
306,2.503897005226463e-05,2.7149139787070452e-05,2.5731959845870735e-05
307,2.5380500010214745e-05,2.5915679871104657e-05,2.5663994019851085e-05
308,2.4634729488752782e-05,2.7985579799860715e-05,2.5336451944895088e-05
309,2.5238830130547284e-05,2.783339994493872e-05,2.5811745901592073e-05
310,2.574897021986544e-05,2.74876703042537e-05,2.624514396302402e-05
311,2.5939819752238692e-05,2.7557600405998526e-05,2.651273598894477e-05
312,2.4675889872014522e-05,2.8016240103170277e-05,2.542803809046745e-05
313,2.552364952862263e-05,2.8119829948991537e-05,2.6387641904875638e-05
314,2.6064550038427114e-05,2.883423992898315e-05,2.6750813936814666e-05
315,2.6431320002302527e-05,2.975484007038176e-05,2.7224522083997727e-05
316,2.551794983446598e-05,2.7635740116238595e-05,2.6180224027484657e-05
317,2.61422002222389e-05,2.888894989155233e-05,2.6888407999649647e-05
318,2.647671033628285e-05,2.876372018363327e-05,2.7055516256950795e-05
319,2.7068699710071085e-05,2.9331560363061726e-05,2.7636102167889476e-05
320,2.5690770125947893e-05,2.8299459954723717e-05,2.6372235966846344e-05
321,2.655846008565277e-05,2.947732980828732e-05,2.733098203316331e-05
322,2.7036229730583728e-05,2.9721269966103138e-05,2.7726103900931775e-05
323,2.7513820095919074e-05,3.087388991843909e-05,2.8315951931290327e-05
324,2.6771360426209865e-05,3.016089031007141e-05,2.7552612125873566e-05
325,2.7233309810981155e-05,3.0392410117201507e-05,2.7956992038525642e-05
326,2.7638039900921284e-05,2.8603720129467546e-05,2.800916798878461e-05
327,2.8244060231372715e-05,3.0823610140942035e-05,2.8874964104034005e-05
328,2.662156999576837e-05,2.9558580135926603e-05,2.7400890015996996e-05
329,2.7669400442391634e-05,3.0469450284726917e-05,2.8355284011922777e-05
330,2.826989977620542e-05,3.076680994126946e-05,2.892008400522172e-05
331,2.8754199738614262e-05,2.9674689867533742e-05,2.8994279913604262e-05
332,2.7588049997575583e-05,3.001370991114527e-05,2.8327353997156026e-05
333,2.8382510063238442e-05,3.117836022283882e-05,2.8974522138014436e-05
334,2.864580019377172e-05,3.200827981345356e-05,2.950579987373203e-05
335,2.9215749818831683e-05,3.149513970129192e-05,2.985165792051703e-05
336,2.751933003310114e-05,3.7564010126516225e-05,3.0596490018069744e-05
337,2.890417992603034e-05,3.25301504926756e-05,2.9747387976385653e-05
338,2.9208940104581417e-05,3.279833006672561e-05,3.017078398261219e-05
339,2.9839790076948702e-05,3.229391004424542e-05,3.056276403367519e-05
340,2.8840459999628366e-05,2.9760749894194304e-05,2.9092020005919043e-05
341,2.9560980037786068e-05,3.223469946533442e-05,3.028825984802097e-05
342,3.0079030548222363e-05,3.1211820314638316e-05,3.04870861582458e-05
343,3.0458230176009236e-05,3.384355979505927e-05,3.1193803995847706e-05
344,2.90790997678414e-05,3.1276340014301243e-05,2.973737008869648e-05
345,2.897160011343658e-05,3.0727729899808765e-05,2.9986405977979303e-05
346,3.0394720379263163e-05,3.3395140198990703e-05,3.1625261995941404e-05
347,3.1165840337052945e-05,3.4004150074906646e-05,3.180563007481396e-05
348,3.0077829724177718e-05,3.3158299629576504e-05,3.0764535884372886e-05
349,3.061602008529007e-05,3.1990949646569786e-05,3.100052801892162e-05
350,3.108678967691958e-05,3.406766976695508e-05,3.180843591690063e-05
351,3.138252999633551e-05,3.466907946858555e-05,3.22724498109892e-05
352,2.9784090002067388e-05,3.3229929977096616e-05,3.129441197961569e-05
353,3.127222997136414e-05,3.457310027442872e-05,3.263694210909307e-05
354,3.163960005622357e-05,3.5204459563829005e-05,3.2456343993544576e-05
355,3.197701997123659e-05,3.522209997754544e-05,3.2798035885207356e-05
356,3.1314910156652335e-05,3.1741189886815845e-05,3.1488749897107485e-05
357,3.176743979565799e-05,3.465314977802336e-05,3.2452059909701346e-05
358,3.2010889844968916e-05,3.533931041602045e-05,3.3282328047789634e-05
359,3.2825589878484605e-05,3.524422994814813e-05,3.349293197970838e-05
360,3.1511569977737965e-05,3.363857977092266e-05,3.2098209951072935e-05
361,3.230463014915585e-05,3.538109012879431e-05,3.308696788735688e-05
362,3.283811034634709e-05,3.5920580266974866e-05,3.397684602532536e-05
363,3.34105605725199e-05,3.672024991828948e-05,3.4697288065217435e-05
364,3.2395200105383995e-05,3.5903549869544806e-05,3.3287153928540644e-05
365,3.312634013127535e-05,3.5777309676632285e-05,3.388393402565271e-05
366,3.3530490472912785e-05,4.73797699669376e-05,3.7414071965031324e-05
367,3.4000849700532855e-05,3.75386601081118e-05,3.5312200081534684e-05
368,3.241572994738817e-05,3.568283980712295e-05,3.3355821971781555e-05
369,3.3441120176576075e-05,3.70689999544993e-05,3.439357201568782e-05
370,3.4068570239469407e-05,3.709234006237239e-05,3.475784207694232e-05
371,3.471245989203453e-05,3.779502992983908e-05,3.5969689954072235e-05
372,3.346445970237255e-05,3.509685979224741e-05,3.4192799823358654e-05
373,3.426874987781048e-05,3.4843600005842745e-05,3.4467369900085036e-05
374,3.5017619957216084e-05,3.731895994860679e-05,3.556903591379523e-05
375,3.5201259888708594e-05,3.867725026793778e-05,3.595342207700014e-05
376,3.359480993822217e-05,3.7390089710243045e-05,3.4544651862233876e-05
377,3.47328995121643e-05,3.888242994435132e-05,3.567835770081729e-05
378,3.374136984348297e-05,0.0001017593004507944,4.841919406317174e-05
379,3.575608017854393e-05,3.9048140170052644e-05,3.647335793357342e-05
380,3.4709860337898134e-05,3.7725999718531966e-05,3.600089205428958e-05
381,3.53820895543322e-05,3.630939987488091e-05,3.564407199155539e-05
382,3.6050519556738434e-05,3.802696010097861e-05,3.651303192600608e-05
383,3.647360019385815e-05,3.96130804438144e-05,3.7692484213039284e-05
384,3.464262990746647e-05,3.522971004713327e-05,3.5079173976555466e-05
385,3.614649991504848e-05,3.8441420183517036e-05,3.6843440029770135e-05
386,3.652599989436567e-05,3.988116979598999e-05,3.793663205578923e-05
387,3.708191972691566e-05,3.763473010621965e-05,3.739581385161728e-05
388,3.5923789837397636e-05,3.972188045736402e-05,3.69560259860009e-05
389,3.665824013296515e-05,4.010387987364084e-05,3.758921194821596e-05
390,3.716306004207581e-05,4.0713290218263865e-05,3.821405814960599e-05
391,3.794651012867689e-05,4.094823030754924e-05,3.920905222184956e-05
392,3.442093031480908e-05,8.064655994530768e-05,4.4450716115534306e-05
393,3.743526991456747e-05,4.108196997549385e-05,3.8804226089268926e-05
394,3.78582498524338e-05,4.110331006813794e-05,3.8593354052864014e-05
395,3.851864952594042e-05,3.904502955265343e-05,3.870538377668708e-05
396,3.7370040081441404e-05,4.010197008028626e-05,3.849449206609279e-05
397,3.797505982220173e-05,4.085446009412408e-05,3.923279198352247e-05
398,3.7959729670546946e-05,4.1762819746509196e-05,3.9717281935736536e-05
399,3.901877964381129e-05,4.2031820048578086e-05,3.9847281877882784e-05
400,3.730652970261872e-05,4.06079099047929e-05,3.8170601939782506e-05
401,3.857555973809212e-05,4.15217800764367e-05,3.977989591658116e-05
402,3.906215017195791e-05,4.238948051352054e-05,3.997431602329015e-05
403,3.985311021097004e-05,4.2405109852552413e-05,4.058241401799023e-05
404,3.88357398333028e-05,4.13064903113991e-05,3.9408818003721535e-05
405,3.940068010706455e-05,4.253013990819454e-05,4.02293240185827e-05
406,3.983217990025878e-05,4.197591973934323e-05,4.064024006947875e-05
407,4.054258984979242e-05,4.3619649950414896e-05,4.174353403504938e-05
408,3.860692027956247e-05,3.9541039732284845e-05,3.901731595396995e-05
409,3.982486028689891e-05,4.294009006116539e-05,4.1000484023243185e-05
410,4.06805396778509e-05,4.3729249737225475e-05,4.131662787403911e-05
411,4.106423992197961e-05,4.4837979949079454e-05,4.237259004730731e-05
412,3.997563966549933e-05,4.293988982681185e-05,4.0644327877089376e-05
413,4.0596980252303186e-05,4.365831962786615e-05,4.1341189993545415e-05
414,4.107846005354076e-05,4.3909680098295215e-05,4.187771608121693e-05
415,4.198573995381594e-05,4.4674380333162845e-05,4.2968566180206836e-05
416,3.9938170230016114e-05,4.317232000175864e-05,4.07585600623861e-05
417,4.125339037273079e-05,4.4310110388323666e-05,4.257069027516991e-05
418,4.187062033452094e-05,4.345603985711932e-05,4.233190999366343e-05
419,4.233717976603657e-05,4.624506982509047e-05,4.390320391394198e-05
420,4.1272329981438815e-05,4.345444031059742e-05,4.195746802724898e-05
421,4.1990850004367534e-05,4.52803896041587e-05,4.2877435917034745e-05
422,4.267541051376611e-05,4.5559810241684315e-05,4.329801013227552e-05
423,4.310238990001381e-05,4.605381982401013e-05,4.431253590155393e-05
424,4.153471032623202e-05,4.223560041282326e-05,4.1750444215722385e-05
425,4.253104038070887e-05,4.580236040055752e-05,4.3912462191656234e-05
426,4.312293021939695e-05,4.685058025643229e-05,4.448884015437216e-05
427,4.395475960336626e-05,4.671804024837911e-05,4.4589467928744854e-05
428,4.288309020921588e-05,4.5595879782922566e-05,4.364292393438518e-05
429,4.334573983214796e-05,4.643491993192583e-05,4.4072997989133005e-05
430,4.409391025546938e-05,4.739508032798767e-05,4.550442611798644e-05
431,4.449295054655522e-05,4.787056997884065e-05,4.603009996935725e-05
432,4.281956993509084e-05,5.2551469998434186e-05,4.5137192122638225e-05
433,4.410012043081224e-05,4.670060996431857e-05,4.5213111909106374e-05
434,4.4607460149563847e-05,4.7573010087944565e-05,4.578502592630684e-05
435,4.54327801708132e-05,4.7395589645020665e-05,4.624677391257137e-05
436,4.422915983013809e-05,4.528600955381989e-05,4.477091785520315e-05
437,4.490901017561555e-05,5.1486709853634235e-05,4.640081396792084e-05
438,4.5528149930760266e-05,4.5888610184192654e-05,4.569830209948122e-05
439,4.362676001619548e-05,8.864968025591224e-05,5.431496002711356e-05
440,4.430430009961128e-05,4.7536839847452935e-05,4.55328980460763e-05
441,4.552725004032254e-05,4.853659018408507e-05,4.6218461939133704e-05
442,4.59540297742933e-05,4.928044974803925e-05,4.736532992683351e-05
443,4.668887995649129e-05,4.967777989804745e-05,4.803000995889306e-05
444,4.582659981679171e-05,4.847947973757982e-05,4.6370297903195024e-05
445,4.639084043446928e-05,4.9097019946202636e-05,4.700068198144436e-05
446,4.6650510048493745e-05,5.115961015690118e-05,4.820593621116132e-05
447,4.725172009784728e-05,5.13569702161476e-05,4.894505592528731e-05
448,4.534191044513136e-05,4.930139984935522e-05,4.6479807933792466e-05
449,4.699976008851081e-05,5.1707419916056094e-05,4.9101726035587495e-05
450,4.758233029861003e-05,5.1161019946448505e-05,4.901563015300781e-05
451,4.828892997466028e-05,5.1416479982435705e-05,4.902063391637057e-05
452,4.671643953770399e-05,5.086586985271424e-05,4.78291439358145e-05
453,4.772479005623609e-05,5.167205003090203e-05,4.9280932056717575e-05
454,4.853989987168461e-05,5.1803999813273546e-05,4.987719387281686e-05
455,4.879857006017119e-05,5.319234973285347e-05,5.055740394163876e-05
456,4.686550993937999e-05,4.8817700007930395e-05,4.751288006082177e-05
457,4.8466959851793946e-05,5.188393988646567e-05,4.9830225878395146e-05
458,4.8965169698931275e-05,5.2417020197026434e-05,4.977722384501248e-05
459,4.969511996023357e-05,5.318994051776826e-05,5.112536810338497e-05
460,4.8565539764240384e-05,5.1892659976147114e-05,4.9313795985654e-05
461,4.9017469864338635e-05,5.243426014203578e-05,5.0009653903543944e-05
462,4.982085025403648e-05,5.368245008867234e-05,5.134621413890272e-05
463,5.039279989432543e-05,5.44393400195986e-05,5.1479900022968655e-05
464,4.852876998484135e-05,5.2417120314203204e-05,5.0119194085709756e-05
465,5.027518956921995e-05,5.409570992924273e-05,5.122378596570343e-05
466,5.041695025283843e-05,6.441219011321664e-05,5.4137971950694916e-05
467,5.1243159687146546e-05,5.5247929994948206e-05,5.232465185690671e-05
468,4.983888007700443e-05,5.343910015653819e-05,5.0853546126745636e-05
469,5.0666500465013085e-05,5.4474510252475736e-05,5.2221382036805145e-05
470,5.1522969733923674e-05,5.5119089665822685e-05,5.2484823856502775e-05
471,5.2256829803809524e-05,5.570195964537561e-05,5.364409787580371e-05
472,5.0050269928760825e-05,5.406013980973512e-05,5.1649387809447946e-05
473,5.1634680130518976e-05,5.519032012671232e-05,5.238325602840632e-05
474,5.202740023378283e-05,5.547904991544783e-05,5.2863380056805903e-05
475,5.265405983664095e-05,5.631379026453942e-05,5.362926993984729e-05
476,5.154982965905219e-05,5.506087967660278e-05,5.305232980754226e-05
477,5.233036004938185e-05,5.6583579862490296e-05,5.3817295935004946e-05
478,5.2991380216553806e-05,5.6871919659897686e-05,5.451548402197659e-05
479,5.337528011295944e-05,5.7772870059125124e-05,5.5189942126162345e-05
480,5.181542015634477e-05,6.570847006514668e-05,5.598540406208485e-05
481,5.3087149863131346e-05,5.707648990210146e-05,5.412157799582929e-05
482,5.402377981226891e-05,5.793917982373387e-05,5.568050395231694e-05
483,5.4683989728800955e-05,5.8020029682666064e-05,5.602067185100168e-05
484,5.305149010382593e-05,5.650904029607773e-05,5.455429211724549e-05
485,5.401475995313376e-05,5.7597950217314065e-05,5.491856602020562e-05
486,5.4498750250786544e-05,5.799939041025936e-05,5.5309283896349377e-05
487,5.4616370471194385e-05,5.909801984671503e-05,5.604750209022313e-05
488,5.326237005647272e-05,5.702079040929675e-05,5.491493409499526e-05
489,5.45861100545153e-05,5.8156370068900285e-05,5.614435602910817e-05
490,5.506389017682523e-05,5.904841993469745e-05,5.677900416776538e-05
491,5.563975020777434e-05,5.9768239734694364e-05,5.679773795418441e-05
492,5.484237975906581e-05,5.8940319577232e-05,5.575375992339104e-05
493,5.549348017666489e-05,5.9101919759996235e-05,5.638425995130092e-05
494,5.593549052719027e-05,5.95946196699515e-05,5.752992618363351e-05
495,5.684246018063277e-05,6.085624976549298e-05,5.8499047998338936e-05
496,5.474178993608803e-05,5.853708018548787e-05,5.6325808051042264e-05
497,5.5980170145630836e-05,8.702487975824625e-05,6.50160339428112e-05
498,5.683784955181181e-05,6.171933026053012e-05,5.8441679924726484e-05
499,5.752931989263743e-05,6.140885991044342e-05,5.912950402125716e-05
500,5.64653699984774e-05,5.986121017485857e-05,5.788718187250197e-05
501,5.729539028834552e-05,6.0730810509994626e-05,5.891278805211186e-05
502,5.790882045403123e-05,6.164499034639449e-05,5.984143435489387e-05
503,5.836726981215179e-05,6.207667989656329e-05,5.995279992930591e-05
504,5.6448240065947175e-05,6.0026110149919985e-05,5.7691500056535006e-05
505,5.767018999904394e-05,6.111241003964096e-05,5.9090714086778456e-05
506,5.864217004273087e-05,6.21132500236854e-05,6.0047814040444796e-05
507,5.914238980039954e-05,6.274992018006742e-05,6.0686807963065804e-05
508,5.8030650252476333e-05,6.161504017654807e-05,5.9173288173042236e-05
509,5.862053018063307e-05,6.205615005455911e-05,6.009855004958809e-05
510,5.946468038018793e-05,6.288026983384043e-05,6.0960293980315324e-05
511,6.022949004545808e-05,6.461816024966538e-05,6.135351804550738e-05
512,5.8376280358061194e-05,6.195275986101479e-05,5.9193241875618696e-05
513,5.946177989244461e-05,6.277978012803941e-05,6.081272382289171e-05
514,6.0032429755665364e-05,6.360228988341987e-05,6.143242202233523e-05
515,6.0616499977186324e-05,6.481843010988086e-05,6.234299798961729e-05
516,5.95905096270144e-05,6.368916016072035e-05,6.099828204605729e-05
517,6.0448290314525364e-05,6.36256398865953e-05,6.124062812887132e-05
518,6.07165799010545e-05,6.48940703831613e-05,6.248770002275705e-05
519,6.192891974933445e-05,6.521274975966662e-05,6.273062992841006e-05
520,5.943122028838843e-05,6.355069985147565e-05,6.113593594636768e-05
521,6.12434494541958e-05,6.495337991509587e-05,6.332183594349772e-05
522,6.151646026410162e-05,6.507159967441112e-05,6.308630597777664e-05
523,6.245438009500504e-05,6.611911987420172e-05,6.398144795093685e-05
524,6.13402301678434e-05,6.504554999992252e-05,6.218622799497098e-05
525,6.304537004325539e-05,7.879983983002603e-05,6.95348639274016e-05
526,6.251037993934005e-05,6.682751991320402e-05,6.440843199379742e-05
527,6.374695978593081e-05,6.696057040244341e-05,6.452803208958357e-05
528,6.13503495696932e-05,6.4655119786039e-05,6.324925587978214e-05
529,6.299156986642629e-05,6.884081987664104e-05,6.508561794180423e-05
530,6.373843993060291e-05,6.732083042152226e-05,6.515173998195677e-05
531,6.424637045711279e-05,6.843187031336129e-05,6.589867419097572e-05
532,6.327898998279125e-05,6.640564010012895e-05,6.460761604830623e-05
533,6.380245962645858e-05,6.79354602470994e-05,6.52723420644179e-05
534,6.425177969504147e-05,6.785571982618421e-05,6.525921972934157e-05
535,6.551650993060321e-05,6.944793974980712e-05,6.742043199483305e-05
536,6.307361996732652e-05,6.643038999754935e-05,6.447074795141816e-05
537,6.465253012720496e-05,6.799476977903396e-05,6.549236609134824e-05
538,6.560206995345652e-05,6.906134018208832e-05,6.749020400457084e-05
539,6.592816964257509e-05,6.97415805188939e-05,6.759950192645193e-05
540,6.456896022427827e-05,6.842817005235702e-05,6.551462796051056e-05
541,6.565506977494806e-05,6.92802295088768e-05,6.76323218503967e-05
542,6.21253700228408e-05,0.00027795216999948024,0.0001084565760102123
543,6.795720022637397e-05,7.018229051027447e-05,6.927626626566053e-05
544,6.48973701754585e-05,6.795900000724941e-05,6.613158015534283e-05
545,6.640936015173793e-05,6.996890006121248e-05,6.840380607172846e-05
546,6.712796981446445e-05,6.997190008405597e-05,6.826424400787801e-05
547,6.743453966919333e-05,6.859187036752701e-05,6.813703197985888e-05
548,6.682270963210612e-05,7.090542989317328e-05,6.832291185855865e-05
549,6.738295021932572e-05,7.153749000281095e-05,6.878993194550277e-05
550,6.827878998592496e-05,8.541931980289519e-05,7.43654080433771e-05
551,6.940336024854332e-05,7.031864020973444e-05,6.978398002684117e-05
552,6.695425021462143e-05,6.985830026678741e-05,6.870244815945626e-05
553,6.811118975747377e-05,7.077226997353137e-05,6.923997786361725e-05
554,6.895804021041841e-05,7.30462500359863e-05,7.097588805481792e-05
555,6.986270018387586e-05,7.273397990502417e-05,7.101349788717924e-05
556,6.836675049271435e-05,7.181298977229744e-05,7.016706198919564e-05
557,6.943902000784874e-05,7.292894006241112e-05,7.149484404362738e-05
558,6.994716008193791e-05,7.314282993320376e-05,7.176800607703626e-05
559,7.067749975249171e-05,7.43160001002252e-05,7.221378805115819e-05
560,6.842936971224845e-05,7.137678971048444e-05,7.012191985268145e-05
561,7.027015031781048e-05,7.334400026593358e-05,7.181567407678812e-05
562,7.083579024765641e-05,7.420798996463418e-05,7.28157120756805e-05
563,7.1731639909558e-05,7.599628006573766e-05,7.336316001601518e-05
564,7.029208994936198e-05,7.255414966493845e-05,7.089590397663414e-05
565,7.104738033376634e-05,7.169646967668086e-05,7.132954010739923e-05
566,7.16571998782456e-05,7.485889014787972e-05,7.306558988057077e-05
567,7.288196007721126e-05,7.644361001439392e-05,7.477577787358313e-05
568,7.05337297404185e-05,7.419255969580263e-05,7.187576172873377e-05
569,7.189324009232223e-05,7.458848995156586e-05,7.348448201082647e-05
570,7.250455964822323e-05,7.553964969702065e-05,7.383927784394473e-05
571,7.359526993241162e-05,7.614225032739341e-05,7.481967809144408e-05
572,7.201295986305922e-05,7.471441989764571e-05,7.314677990507334e-05
573,7.30156002100557e-05,7.573310052976012e-05,7.421416614670306e-05
574,7.354687026236207e-05,8.44939099624753e-05,7.706622604746372e-05
575,7.363323995377868e-05,7.820855011232197e-05,7.620865199714898e-05
576,7.224878994747996e-05,7.503811968490482e-05,7.33597339130938e-05
577,7.399079040624202e-05,7.668875972740353e-05,7.562872604466974e-05
578,7.375896035227925e-05,0.00012185323052108288,8.540498616639525e-05
579,7.545328000560403e-05,7.838446996174752e-05,7.672548189293594e-05
580,7.383540039882064e-05,7.701847003772855e-05,7.513407396618276e-05
581,7.469478994607925e-05,7.796780031640083e-05,7.641025993507356e-05
582,7.559805002529175e-05,7.885152997914702e-05,7.690070406533777e-05
583,7.674073975067586e-05,7.956123969051987e-05,7.804752979427576e-05
584,7.440875982865691e-05,7.78098200680688e-05,7.626645802520216e-05
585,7.575694005936385e-05,7.845679996535182e-05,7.682883006054908e-05
586,7.639201008714735e-05,8.017866988666356e-05,7.784325804095715e-05
587,7.734056038316339e-05,8.029639022424817e-05,7.862006814684719e-05
588,7.559054007288069e-05,7.877229014411568e-05,7.73187919985503e-05
589,7.667321944609284e-05,7.940243987832219e-05,7.783592597115785e-05
590,7.73896399186924e-05,8.089139009825885e-05,7.883875002153218e-05
591,7.84616102464497e-05,8.142126025632024e-05,7.968781027011573e-05
592,7.584951003082096e-05,7.866889995057135e-05,7.731618802063167e-05
593,7.791460957378149e-05,8.062629029154778e-05,7.932810590136797e-05
594,7.83227599458769e-05,8.12969298567623e-05,7.955969404429197e-05
595,7.938350958283991e-05,8.33096296992153e-05,8.08436939259991e-05
596,7.787643990013749e-05,9.445723029784859e-05,8.181447815150023e-05
597,7.868012005928903e-05,8.165478997398168e-05,8.027577004395425e-05
598,7.955471985042095e-05,8.234164968598634e-05,8.082926599308848e-05
599,8.075732970610262e-05,8.313119993545114e-05,8.176859200466425e-05
600,7.828188012354076e-05,8.312208054121584e-05,8.03445961792022e-05
601,7.952066021971405e-05,8.24652798473835e-05,8.077338396105915e-05
602,8.041610009968281e-05,8.319802000187338e-05,8.198057999834419e-05
603,8.11489496845752e-05,8.415098011028022e-05,8.291077392641455e-05
604,7.984975993167609e-05,8.254932996351272e-05,8.121124608442187e-05
605,8.059774001594632e-05,8.32504197023809e-05,8.193213597405702e-05
606,8.140913036186248e-05,8.429432986304164e-05,8.256882405839861e-05
607,8.225458965171129e-05,8.553611987736077e-05,8.375146193429829e-05
608,7.979787013027817e-05,8.277544984593987e-05,8.153849001973867e-05
609,8.139901037793607e-05,8.447327010799199e-05,8.314037590753288e-05
610,8.258650021161884e-05,8.519730006810278e-05,8.367990818805992e-05
611,8.324350987095386e-05,8.575261977966875e-05,8.471409196499735e-05
612,8.179394004400819e-05,8.430015004705638e-05,8.315939200110734e-05
613,8.256806002464145e-05,8.549124002456665e-05,8.394189004320651e-05
614,8.351991011295467e-05,8.619223022833466e-05,8.474346227012574e-05
615,8.496346999891103e-05,8.76346800941974e-05,8.651678415481001e-05
616,8.224756980780512e-05,0.00011017312994226813,8.903415396343917e-05
617,8.363122004084289e-05,8.705081010702998e-05,8.534060209058226e-05
618,8.45099298749119e-05,8.756604976952076e-05,8.576605992857366e-05
619,8.529888989869505e-05,8.843184041325003e-05,8.663728402461857e-05
620,8.369011979084462e-05,8.630163036286831e-05,8.475728402845561e-05
621,8.484665013384075e-05,8.744221995584666e-05,8.586704614572226e-05
622,8.540728013031184e-05,8.828647958580404e-05,8.686624385882168e-05
623,8.644218964036554e-05,8.906951989047229e-05,8.782487188000232e-05
624,8.363572007510811e-05,8.692938019521534e-05,8.545809611678124e-05
625,8.581171976402403e-05,9.937046968843787e-05,8.951814379543066e-05
626,8.646783011499792e-05,8.951483992859721e-05,8.81050219759345e-05
627,8.751144981943071e-05,9.046669001691043e-05,8.91807418083772e-05
628,8.574799983762204e-05,8.932758995797485e-05,8.73426798498258e-05
629,8.676477009430527e-05,8.942726999521256e-05,8.832466392777859e-05
630,8.75605398323387e-05,9.047099971212446e-05,8.920456399209797e-05
631,8.904115995392203e-05,9.191696008201689e-05,9.065673605073243e-05
632,8.62742797471583e-05,8.913963974919171e-05,8.773243799805641e-05
633,8.733663009479641e-05,9.026401035953313e-05,8.902048598974943e-05
634,8.838456007651984e-05,9.138467023149132e-05,9.017625206615777e-05
635,8.935744990594685e-05,9.240283980034291e-05,9.05676520196721e-05
636,8.786539954598993e-05,0.00010311705991625786,9.241983783431351e-05
637,8.870855032000691e-05,9.195711987558753e-05,8.991436602082104e-05
638,8.966940979007631e-05,9.237108984962106e-05,9.166663000360132e-05
639,9.147432981990278e-05,9.493510005995632e-05,9.291330189444125e-05
640,8.799543022178113e-05,9.290006011724471e-05,9.002384589985014e-05
641,8.973734045866877e-05,9.256514022126794e-05,9.09933700459078e-05
642,9.047619998455048e-05,9.316595038399101e-05,9.170125401578843e-05
643,9.165967989247293e-05,9.488591051194817e-05,9.381011396180839e-05
644,9.000193036627024e-05,9.305403975304216e-05,9.11659678677097e-05
645,9.107459976803511e-05,9.390330000314861e-05,9.269858594052493e-05
646,9.172560006845743e-05,9.45601100102067e-05,9.340420411899685e-05
647,9.299874014686793e-05,9.681386000011116e-05,9.54555581556633e-05
648,9.029776963870973e-05,0.000131732479785569,9.938055800739676e-05
649,9.046848048456013e-05,9.50267695588991e-05,9.282666200306266e-05
650,9.274788026232272e-05,9.567015047650784e-05,9.490480611566453e-05
651,9.342232020571828e-05,9.719855966977775e-05,9.527095791418106e-05
652,9.205289999954403e-05,9.50303697027266e-05,9.355051210150123e-05
653,9.310433000791818e-05,9.582514001522214e-05,9.424998192116617e-05
654,9.39915596973151e-05,0.00013115009991452098,0.00010247953399084508
655,9.491114993579685e-05,9.824647975619882e-05,9.674307773821055e-05
656,9.224594978149981e-05,9.56356804817915e-05,9.432819811627268e-05
657,9.397804038599133e-05,9.740362991578878e-05,9.570397192146628e-05
658,9.483952017035336e-05,0.00010037780040875077,9.714552015066147e-05
659,9.57091199234128e-05,9.863940998911857e-05,9.773911186493933e-05
660,9.423982002772391e-05,9.729443001560867e-05,9.593807812780142e-05
661,9.528764989227057e-05,9.828246023971588e-05,9.699262387584895e-05
662,9.602890000678599e-05,9.889618027955293e-05,9.809478407260029e-05
663,9.755330975167454e-05,0.00010028493998106569,9.867337404284625e-05
664,9.46788303554058e-05,9.742718015331775e-05,9.572026203386485e-05
665,9.631152963265777e-05,9.865152998827397e-05,9.771591203752905e-05
666,9.709446982014925e-05,9.965468023438007e-05,9.852507815230637e-05
667,9.858640958555043e-05,0.00011549340037163347,0.0001037208300549537
668,9.61656600702554e-05,9.956910973414779e-05,9.818096202798188e-05
669,9.819358994718641e-05,0.00010059039981570094,9.962818992789835e-05
670,9.848723013419658e-05,0.0001012691401410848,9.994214412290603e-05
671,9.93327796459198e-05,0.00010319398017600179,0.0001017118780873716
672,9.660054987762124e-05,0.00011364499980118126,0.00010051206999924035
673,9.855404961854219e-05,0.0001013190404046327,0.00010052501608151941
674,9.92204702924937e-05,0.0001026460702996701,0.00010075098415836693
675,0.00010016130981966853,0.00010352497978601605,0.00010254209791310133
676,9.85247001517564e-05,0.00013362214027438314,0.00010740985407028348
677,9.970877028536051e-05,0.00010255650035105646,0.00010156880819704384
678,0.00010067203955259174,0.00010382704029325396,0.00010241009807214141
679,0.00010192184010520577,0.00010499448981136084,0.0001037902960088104
680,9.91589599289e-05,0.0001184938196092844,0.00010420782584697009
681,0.00010054229991510511,0.00010311333986464888,0.0001015709360362962
682,0.00010142201965209097,0.00010458923992700875,0.00010372305009514094
683,0.00010273554013110697,0.00010611405014060438,0.0001041998720029369
684,0.00010092269978486002,0.00010395348013844341,0.0001027093860320747
685,0.00010173138987738639,0.00010497825976926833,0.00010350609186571092
686,0.00010336409031879157,0.00010601966991089285,0.00010488549002911896
687,0.00010402941959910095,0.00010708613961469383,0.00010592253995127977
688,0.0001009421399794519,0.00010567734017968177,0.00010266480396967381
689,0.0001029784802813083,0.00012136630015447735,0.00010836604819633067
690,0.00010393213015049695,0.00010682666033972055,0.00010554492007941007
691,0.00010496592964045703,0.00010804580000694841,0.00010613243794068694
692,0.00010543289012275636,0.00010691560979466885,0.00010610023606568573
693,0.00010434579045977444,0.00010686501977033913,0.0001061481280485168
694,0.000105044279480353,0.00010782337980344892,0.00010648284200578929
695,0.00010694758035242557,0.0001097825902979821,0.00010882276610936969
696,0.00010373506986070424,0.0001065150898648426,0.00010573737393133341
697,0.00010509687999729067,0.00011915822979062796,0.00011076531989965587
698,0.00010601517045870423,0.00010930021002423019,0.00010786771005950868
699,0.00010715495038311929,0.00011023682018276303,0.00010890024609398097
700,0.00010541805997490883,0.00010858277964871376,0.00010742851998656988
701,0.00010844573029316962,0.00011010447982698679,0.00010895775596145542
702,0.00010746363026555628,0.00011038679978810251,0.00010896853404119612
703,0.00010836529021617025,0.00011092900007497519,0.00011032703204546124
704,0.00010546795034315438,0.00010940389009192586,0.00010788463801145553
705,0.0001106481795432046,0.00012313814950175582,0.00011424215172883122
706,0.0001085041300393641,0.00011233718018047512,0.00011069221608340741
707,0.00010946991969831287,0.00011206949013285338,0.0001109515979187563
708,0.00010776658018585294,0.00011143973038997501,0.00010976102401036769
709,0.00010891499056015164,0.0001118666201364249,0.00011081841203849762
710,0.00010952500975690783,0.00011250920011661947,0.00011174964404199273
711,0.00011118396010715514,0.00011431762017309666,0.00011307493608910591
712,0.00010850884020328521,0.00011145635973662138,0.00011046916584018618
713,0.00010958160972222686,0.00011237515020184218,0.0001112063619075343
714,0.0001107344398042187,0.00011345684994012118,0.00011255041987169533
715,0.00011197911982890218,0.00011471246019937098,0.00011370774218812585
716,0.00010998676007147878,0.0001133050600765273,0.00011224717798177153
717,0.00011103048047516494,0.00011421994946431369,0.00011276769603136927
718,0.00011206038005184382,0.00011487124022096395,0.00011391536600422114
719,0.00011336727999150753,0.00011673646979033947,0.00011501082009635866
720,0.00011057564988732338,0.00012661483022384347,0.00011476204206701367
721,0.00011260377010330558,0.00011519453022629022,0.00011453233414795249
722,0.00011291884002275764,0.00011585063999518753,0.0001151220400352031
723,0.00011473409016616642,0.00011686259997077286,0.00011632421193644405
724,0.00011426503013353795,0.00011586976994294673,0.00011522933805827051
725,0.00011344010999891907,0.0001163075800286606,0.00011517896607983856
726,0.00011461918009445071,0.00011743684997782111,0.00011628718394786118
727,0.00011599780991673469,0.00011911965033505112,0.00011790692014619709
728,0.00011300590995233506,0.0001172966999001801,0.00011542763991747051
729,0.00011518001032527536,0.00011749086028430611,0.00011663776612840593
730,0.00011557132005691528,0.00018286387028638274,0.00013046571414452045
731,0.00011620428995229304,0.00014868482016026972,0.00012417761201504617
732,0.00011478949047159403,0.00011863445048220456,0.00011736740823835134
733,0.0001163588702911511,0.00011905692983418703,0.00011776160995941609
734,0.00011794319027103484,0.00011976413021329791,0.00011935536202508955
735,0.00011925318976864218,0.00015627796994522214,0.00012765868788119404
736,0.00011473497957922518,0.00011751649959478528,0.00011687014787457883
737,0.00011699895025230944,0.00012023219023831189,0.00011912227014545351
738,0.00011795881029684096,0.0001273904601112008,0.00012078304402530194
739,0.0001202384999487549,0.00012540119991172105,0.00012274366978090256
740,0.00012004494026768953,0.00012123774038627744,0.00012072721822187305
741,0.00011927502986509352,0.00012242421973496676,0.00012135383591521532
742,0.00012047773983795196,0.00012351833982393145,0.00012257792602758856
743,0.00012149760965257883,0.00012425949971657247,0.0001231013679644093
744,0.00011832688003778458,0.00012076798011548818,0.00011997854406945409
745,0.00011905752995517105,0.00012192429974675179,0.00012111284583806992
746,0.00012075786013156176,0.00014833535999059678,0.00012789008999243378
747,0.000121498919907026,0.00012422363040968777,0.00012343073391821237
748,0.00011966745019890367,0.00012226132035721095,0.00012126666994299739
749,0.0001231347199063748,0.0001377905800472945,0.0001262924539623782
750,0.0001218166999751702,0.0001245539396768436,0.00012343772186432033
751,0.00012275682995095848,0.00012567038007546216,0.000124582062009722
752,0.00011972704960498959,0.00012253100983798505,0.00012184272392187269
753,0.0001227966003352776,0.00017089625005610288,0.00013338414998725057
754,0.00012279821035917848,0.00012599829002283514,0.00012445659609511495
755,0.00012673634046223015,0.00012801037984900177,0.00012740393204148858
756,0.0001231232099235058,0.0001266844500787556,0.00012480703997425736
757,0.0001242005900712684,0.00012706724985037,0.00012581132596824318
758,0.00012770262022968382,0.00012826045043766497,0.0001279329841490835
759,0.0001263037498574704,0.00012950473988894374,0.00012787962786387652
760,0.0001232707698363811,0.00012882688955869525,0.0001258412797469646
761,0.00012684544024523347,0.0001273232203675434,0.00012710101401899009
762,0.0001259831601055339,0.00012819322990253567,0.00012713746598456055
763,0.00012877158995252102,0.00014204970037098974,0.00013170882989652454
764,0.00012490487017203123,0.0001272228395100683,0.00012668941193260254
765,0.00012586693977937103,0.00012843556003645063,0.00012737902195658534
766,0.0001289777603233233,0.0001295447099255398,0.0001292260360205546
767,0.00012843005009926855,0.00013394198031164707,0.00013069565396290272
768,0.00012495475995820017,0.00012756466981954872,0.0001268864758312702
769,0.00012762647005729378,0.000129812799859792,0.0001292526659090072
770,0.00012753931048791855,0.00014326704025734215,0.0001324807620840147
771,0.0001302096201106906,0.00013501134992111475,0.00013300967204850166
772,0.00012808251020032913,0.0001308872801018879,0.00012973309005610644
773,0.00012987890979275108,0.00013214779028203338,0.00013141071191057565
774,0.00013063390040770172,0.00013291369017679245,0.00013239289808552712
775,0.00013131955987773835,0.00013417751993983985,0.0001334639881970361
776,0.00013049283996224403,0.0001316763198701665,0.00013103926810435952
777,0.0001293993304716423,0.000170313969720155,0.00013823263184167445
778,0.00013242229004390538,0.00013290898001287133,0.00013267481001093983
779,0.00013165017007850112,0.00023270217003300785,0.00016436099202837796
780,0.00013227221032138914,0.00013665446022059768,0.00013358097604941575
781,0.00013066826038993896,0.00013382787001319229,0.0001328631161013618
782,0.000131970850052312,0.00013462814968079329,0.0001338692900026217
783,0.00013558831007685513,0.00013643466983921825,0.00013583828997798265
784,0.00012954249978065492,0.00013258017017506063,0.00013131759595125914
785,0.00013405748992227019,0.00013459067966323346,0.00013442234590183943
786,0.0001332191500114277,0.0001358793396502733,0.0001347084097797051
787,0.00013559792016167192,0.00013778124004602433,0.0001371062779799104
788,0.00013557126978412272,0.00013632236048579215,0.00013590519002173096
789,0.00013442847994156183,0.00015020698949228973,0.000139339305809699
790,0.0001359093899372965,0.00013824659050442278,0.0001373523841612041
791,0.0001392725796904415,0.00013941593992058187,0.0001393377979984507
792,0.0001356579299317673,0.00013618619996123016,0.0001359441978856921
793,0.00013436955981887877,0.0001395314501132816,0.00013647364778444172
794,0.00013810814009048043,0.00014926664996892214,0.0001410292281070724
795,0.0001393158599967137,0.0001399016403593123,0.00013962781196460126
796,0.00013461140042636544,0.00013763787050265818,0.00013684808032121508
797,0.00013592122006230055,0.0001395443797810003,0.00013794122799299657
798,0.00013744140975177288,0.00019852651981636883,0.00015081754187121985
799,0.00014017313020303846,0.00014097160019446164,0.00014056465192697942
800,0.00013661950011737645,0.00013698137016035617,0.0001368434901814908
801,0.00013864542008377613,0.0001408503798302263,0.00013972959585953506
802,0.00013970667030662297,0.00017416062008123844,0.0001472460940713063
803,0.00014069518016185612,0.00014243678946513683,0.00014110247185453775
804,0.00013891381036955862,0.0001420756196603179,0.00014076300815213472
805,0.00014165795990265907,0.00014206099032890051,0.00014183890796266497
806,0.00014282519987318665,0.00014381823013536631,0.0001431829398497939
807,0.00014372595003806055,0.00014482136990409344,0.00014439673000015319
808,0.00014099885011091827,0.00022740932006854565,0.000159488320001401
809,0.0001418409898178652,0.00016134394973050804,0.000148583747795783
810,0.00014262843993492424,0.00014378737017977983,0.00014318165404256434
811,0.00014414031989872455,0.00014453895040787755,0.00014432706404477356
812,0.0001424185500945896,0.0001430880802217871,0.00014272175205405803
813,0.00014343902992550284,0.0001440434402320534,0.00014377821388188752
814,0.00014500470017082988,0.0001613338297465816,0.00014904395199846478
815,0.000145491489674896,0.00014619408990256487,0.00014580028189811856
816,0.00014283720985986293,0.00014506591018289327,0.0001435830059926957
817,0.00014525025966577232,0.00016854077985044568,0.00015068953589070588
818,0.0001468627096619457,0.0001480955898296088,0.00014726964384317398
819,0.00014791594992857426,0.00014887953002471477,0.00014827780018094927
820,0.00014556923997588456,0.00014655946055427193,0.0001461415720405057
821,0.0001471804000902921,0.00014757311961147935,0.00014732139988336712
822,0.00014822492026723923,0.00014851014013402163,0.00014837451593484728
823,0.00014954454964026808,0.00015004087006673217,0.00014975052792578933
824,0.00014605673961341382,0.00014716678007971494,0.0001465830459492281
825,0.00014732245996128767,0.00014768363034818323,0.0001475379781331867
826,0.0001481695205438882,0.00016265293990727514,0.00015168600203469394
827,0.00014952381025068462,0.0001503568299813196,0.00014990482409484685
828,0.00014735642005689442,0.00014778510958421976,0.0001475935159251094
829,0.0001471995300380513,0.00015304237022064626,0.0001494085880694911
830,0.0001482269202824682,0.00015028950991109014,0.00014884144812822342
831,0.00015032437979243697,0.00015126359998248517,0.0001507835378870368
832,0.0001472998200915754,0.00014898983004968614,0.00014774094801396132
833,0.00014934116974472998,0.00015010587987489998,0.00014966071583330631
834,0.0001516741601517424,0.0001525930396746844,0.0001521785818040371
835,0.00015275464043952526,0.00015457828994840382,0.00015335787006188185
836,0.0001496248901821673,0.00015087237989064306,0.00015057787997648121
837,0.00015083482023328543,0.00015258914034347982,0.00015165179595351218
838,0.00015320126025471836,0.00018988990981597454,0.00016090367990545927
839,0.0001544505497440696,0.00015525112976320088,0.00015481438406277447
840,0.00015003774024080485,0.00015133491950109602,0.00015052992606069893
841,0.0001509320898912847,0.00015575325000099838,0.0001522927900077775
842,0.0001524122100090608,0.00015494746970944105,0.00015398178994655609
843,0.00015374215028714387,0.00015513321035541593,0.00015440316812600938
844,0.00015132610977161676,0.00016771673981565982,0.00015466053993441162
845,0.00015255607024300844,0.00015425589052028954,0.00015316579421050845
846,0.0001538241998059675,0.00015535221027676016,0.00015417933405842632
847,0.00015497863001655786,0.0001557572599267587,0.00015535261412151158
848,0.0001514058600878343,0.000153418859699741,0.00015218967990949752
849,0.00015414308989420534,0.00016942347981967033,0.000157659433898516
850,0.000157369920052588,0.0001581184798851609,0.00015777710208203646
851,0.00015735529013909398,0.0001584976795129478,0.0001576364418724552
852,0.0001552076399093494,0.00015824120957404374,0.0001561195139074698
853,0.00015656262985430658,0.00015827947994694112,0.00015721204178407788
854,0.00015756837965454906,0.00015840300999116154,0.0001578060940373689
855,0.00015890583978034556,0.0001590345799922943,0.0001589830401353538
856,0.00015615898999385536,0.00016935906023718417,0.0001592108201002702
857,0.00015589390008244664,0.00022640973969828337,0.00017068396997638044
858,0.00015819984022527933,0.00015957797004375606,0.000158998204045929
859,0.00015889120986685158,0.00015989354986231774,0.00015932949585840107
860,0.00015687059960328042,0.00019741103053092958,0.00016553239594213663
861,0.00015842765045817942,0.0002849539602175355,0.00020922613819129767
862,0.0001594744698377326,0.00016134592005982994,0.0001599116998258978
863,0.00016057238972280174,0.0001646623102715239,0.0001616312980186194
864,0.00015700053016189485,0.00015920847945380956,0.00015811110800132154
865,0.00015960931952577084,0.00016144829976838082,0.00016008679987862708
866,0.0001610020804218948,0.00021260014036670328,0.00017201979621313512
867,0.0001617180003086105,0.0001632244704524055,0.0001624771161004901
868,0.00016048131976276637,0.0001619083504192531,0.00016082106798421592
869,0.00016169545997399837,0.00016233973961789162,0.00016208412987180054
870,0.00016295907960738986,0.00016560163989197461,0.00016378081182483582
871,0.00016455440025310962,0.00017518064007163048,0.00016704877000302075
872,0.0001604751095874235,0.00016336472996044904,0.00016167792200576513
873,0.00016194961965084075,0.00020297634007874877,0.00017026053788140417
874,0.00016328416008036582,0.00016525910003110768,0.00016381907195318492
875,0.00016489512985572218,0.00016707654984202236,0.00016585960600059478
876,0.0001623680902412161,0.00018053948995657264,0.00016622081003151833
877,0.00016398977022618054,0.00016519458964467048,0.00016433291998691857
878,0.00016524979029782115,0.0001658167300047353,0.0001654731179587543
879,0.00016658844018820672,0.00016803219972644,0.0001670090400148183
880,0.00016254791989922523,0.00016363792004995048,0.0001630460120504722
881,0.00016531059984117746,0.0001727424596901983,0.00016701589175499974
882,0.00016650588950142264,0.00016703825967852027,0.00016681553574744612
883,0.00016772142029367388,0.00016991354990750552,0.00016824744804762304
884,0.00016628107987344266,0.00016678781015798448,0.00016641423990949988
885,0.00016761451959609985,0.00017217461019754409,0.00016865353391040116
886,0.00016870874038431793,0.00016963444009888919,0.00016905423218850047
887,0.00017006373032927514,0.00017197783978190273,0.0001705444920808077
888,0.00016632915998343378,0.00016764086962211877,0.00016675240185577423
889,0.0001676955696893856,0.00019904209999367596,0.00017440452799201013
890,0.0001689994696062058,0.00017031208029948174,0.00016940629994496701
891,0.0001705277798464522,0.0001734459400177002,0.00017155448801349849
892,0.00016806053987238555,0.0001920792000601068,0.00017391918587964027
893,0.00016995151003357023,0.00017173368018120528,0.000170715494081378
894,0.00017102349025662988,0.00017154764966107906,0.00017126438987907024
895,0.00017244960996322335,0.0001769861503271386,0.00017364011413883418
896,0.00016888114041648805,0.000171070359647274,0.00016969658201560379
897,0.00017122776014730334,0.00017145516991149635,0.0001713241341058165
898,0.0001723352901171893,0.00017286256013903766,0.00017255097010638565
899,0.00017343151033855976,0.0001743338699452579,0.00017367868218570948
900,0.000172293420182541,0.0001740199897903949,0.0001729371000546962
901,0.0001738530898001045,0.00017519454995635898,0.0001744939818745479
902,0.0001748876803321764,0.00018449904979206622,0.00017771323409397155
903,0.00017602766980417072,0.00017749337013810872,0.00017676312592811882
904,0.00017236793995834888,0.00017258624953683465,0.0001724668478127569
905,0.00017362806014716624,0.0001771244901465252,0.0001748358819168061
906,0.00017503253999166191,0.00017589813040103764,0.0001752913381205872
907,0.00017672546033281833,0.00019382840022444725,0.0001803080621175468
908,0.00017428497027140112,0.00017485402000602334,0.00017461100802756846
909,0.00017581999010872097,0.00023344210989307613,0.00018756788386963306
910,0.00017700466967653482,0.0001784926000982523,0.0001774897821014747
911,0.00017872683005407453,0.00017927344015333802,0.00017893120809458197
912,0.00017450637998990713,0.00021234563027974218,0.00018295265804044901
913,0.00017735239991452544,0.0001789338095113635,0.00017778054589871316
914,0.00017845852999016644,0.00017875608988106252,0.0001785613860702142
915,0.00017960263998247682,0.0001835410698549822,0.00018053497199434787
916,0.00017823030997533352,0.00017997462011408062,0.0001789513159310445
917,0.00017945497005712242,0.00018180909974034875,0.0001805479759350419
918,0.00018086685973685236,0.00018237212963867933,0.00018175571574829518
919,0.00018201387021690607,0.0001825798099162057,0.0001823465422494337
920,0.00017848008021246643,0.00018045199976768345,0.00017937255394645036
921,0.0001797361799981445,0.0001814789796480909,0.00018048788188025356
922,0.00018117911997251213,0.0001958969800034538,0.0001847170478431508
923,0.00018262959027197213,0.00018303252989426255,0.00018283332604914903
924,0.00017778259003534914,0.00019749001017771661,0.0001836615720530972
925,0.00018178403959609568,0.00018508690991438925,0.00018252730381209404
926,0.0001828531001228839,0.000184121229685843,0.00018333231983706354
927,0.00018455753044690937,0.00018605578981805592,0.00018512672011274843
928,0.00018029269995167851,0.00018212616967502982,0.00018113708996679635
929,0.00018297561968211084,0.00018435705977026373,0.0001835118718445301
930,0.00018422733002807946,0.00019596941012423486,0.0001868640761822462
931,0.00018569912994280456,0.00020129990007262678,0.0001895188899943605
932,0.000184041170286946,0.00018478715035598724,0.00018431784422136843
933,0.0001855555601650849,0.00018763879023026676,0.00018639073614031077
934,0.00018719999003224074,0.00019161799980793148,0.00018844472989439963
935,0.00018867029051762075,0.00019019749015569687,0.00018925848812796175
936,0.00018437329039443283,0.0001988525001797825,0.00018779439607169478
937,0.00018592544016428293,0.00018752559029962867,0.00018639336223714054
938,0.00018733874021563678,0.00018809964007232338,0.0001876920301001519
939,0.00018900919996667654,0.00019037222024053334,0.00018934616795741023
940,0.0001865740300854668,0.0001884478802094236,0.00018753255414776505
941,0.00018804402032401412,0.00022604087018407882,0.00019607534818351268
942,0.00018916638975497336,0.0001895416696788743,0.00018936182803008705
943,0.00019066144013777376,0.00019177298003342002,0.0001910566440783441
944,0.00018659216002561151,0.00019054152013268323,0.0001881025140173733
945,0.00018938299035653472,0.00019091369991656394,0.00018982419813983142
946,0.00019070912036113442,0.00019261011970229448,0.00019169255206361412
947,0.00019216549990233033,0.00019276690960396081,0.000192384201916866
948,0.0001905587496003136,0.0001910065795527771,0.00019073148793540896
949,0.0001919930800795555,0.00019348772999364883,0.00019235434802249073
950,0.0001931955898180604,0.00020864919002633542,0.00019669836794491854
951,0.00019464193959720433,0.0001948778796941042,0.00019476288778241723
952,0.0001905260799685493,0.00019090237037744373,0.0001907432801090181
953,0.00019196783017832786,0.00019491625018417836,0.0001931273801019415
954,0.0001934265100862831,0.00019503616960719227,0.0001939452819060534
955,0.00019495221960823982,0.00019796995969954877,0.0001960835938807577
956,0.00019268584961537271,0.00020035955007188021,0.00019498172996100039
957,0.00019430441956501453,0.00019511241000145675,0.00019452184392139315
958,0.00019563206005841495,0.00019590787997003645,0.0001957622638437897
959,0.00019759716989938169,0.0002345090196467936,0.00020722015993669628
960,0.00019302115018945187,0.0001945100905140862,0.00019366824615281076
961,0.00019592148950323463,0.0001991857896791771,0.00019664639967959373
962,0.0001975873502669856,0.0002013763098511845,0.00019904541014693677
963,0.00019820447952952235,0.00019866282993461938,0.0001983955338364467
964,0.0001957392500480637,0.00021070486051030457,0.00019906460389029234
965,0.00019838240987155587,0.00019856764993164688,0.0001984366300748661
966,0.0001992750499630347,0.00020092056947760284,0.0001998580798972398
967,0.0002007725101429969,0.00020288699015509338,0.0002014990980969742
968,0.00019672526046633722,0.00020856352988630534,0.00019981351599562917
969,0.0001985633303411305,0.00021129884000401945,0.00020244348410051316
970,0.0001992434897692874,0.0002255957102170214,0.00020522413414437323
971,0.00020192610973026603,0.0002035472000716254,0.00020260560209862886
972,0.00019901517021935432,0.0001993293402483687,0.0001991284342948347
973,0.00020054798980709165,0.00020087988988962024,0.00020074546802788972
974,0.00020189034985378384,0.00020307281985878944,0.00020224892802070825
975,0.00020360559981781988,0.00020562560996040702,0.00020424859994091094
976,0.00019926653010770678,0.00021513257990591228,0.00020295159809757027
977,0.00020219660014845432,0.00020400832989253103,0.00020267019199673086
978,0.00020339750975836068,0.0002036578900879249,0.00020354315789882093
979,0.00020490578026510775,0.00020906371995806693,0.00020579232799354942
980,0.00020222596009261906,0.00020418125030118972,0.00020303853019140662
981,0.0002038871101103723,0.00020614355977158994,0.00020491896406747402
982,0.00020616750000044704,0.00020769650989677758,0.0002067535158712417
983,0.000207400270155631,0.00020801760023459793,0.00020777589606586845
984,0.00020377580018248408,0.0002052806701976806,0.00020436159812379628
985,0.00020480367995332927,0.0002240208099829033,0.0002094217160483822
986,0.00020653566985856742,0.0002083170396508649,0.00020729780790861696
987,0.00020786962006241082,0.0002099234896013513,0.0002084458558820188
988,0.00020542432030197234,0.0002108299604151398,0.000207071170094423
989,0.00020698609994724394,0.00020756084995809942,0.0002072225280571729
990,0.00020852611982263624,0.0002209948399104178,0.00021126291202381255
991,0.0002097050898009911,0.00021037140977568923,0.00021008975792210548
992,0.0002054055902408436,0.00020721922977827488,0.00020603298221249134
993,0.00020866208011284472,0.00021016252983827144,0.00020923566981218754
994,0.0002101500000571832,0.00022508836002089084,0.0002137034700717777
995,0.0002113362797535956,0.0002117909101070836,0.00021154776599723846
996,0.00020891522988677024,0.00021328315953724085,0.00020995812979526817
997,0.00021149567968677729,0.0013963983999565244,0.00045464481587987395
998,0.0002126690198201686,0.0002721662697149441,0.00022634974785614757
999,0.00021431685949210077,0.00021737006027251483,0.00021510337991639974
1000,0.0002099513402208686,0.0002120946702780202,0.00021056718414183708
1001,0.00021154876973014325,0.0002531770599307492,0.00022108987986575813
1002,0.00021334285964258015,0.00021468291990458965,0.0002139602537499741
1003,0.00021470926993060857,0.00021516510983929038,0.00021498146792873742
1004,0.00021202482981607317,0.00021779785049147904,0.0002134246479254216
1005,0.00021366444998420774,0.00021404144004918635,0.00021385239192750304
1006,0.00021512653038371354,0.00021702042024116964,0.00021584054606501012
1007,0.0002166075602872297,0.00021834585000760854,0.00021772553224582222
1008,0.00021269146003760397,0.0002252685697749257,0.00021546629793010652
1009,0.00021527328994125128,0.00022579514014068992,0.00021787421812769023
1010,0.00021659413003362714,0.00021765688026789576,0.0002170011941343546
1011,0.000217920359573327,0.0002583985502133146,0.00022648397798184306
1012,0.00021562293986789882,0.00021994588023517282,0.00021720614412333816
1013,0.00021718661009799688,0.00021733639005105942,0.00021727076405659318
1014,0.00021841886977199464,0.00023395461961627005,0.00022179403575137255
1015,0.00022094221028964967,0.00022305640042759477,0.00022182960412465034
1016,0.00021660143975168466,0.00021845213021151722,0.00021720079611986875
1017,0.00021851084020454436,0.00023325454036239536,0.0002218310061143711
1018,0.00021975231007672846,0.0002213977399514988,0.00022040483192540703
1019,0.00022143510985188187,0.00022171071032062173,0.00022158011607825755
1020,0.00021878663974348456,0.0002203369897324592,0.00021939812379423527
1021,0.0002203774597728625,0.00023804813041351737,0.00022470066603273156
1022,0.00022179366962518543,0.0002240075299050659,0.00022269860992673785
1023,0.00022356671979650855,0.00022742431028746068,0.00022446272999513897
1024,0.0002189936302602291,0.00022050398983992637,0.00021947330399416388
1025,0.00022165300964843482,0.0002572160499403253,0.00022967653011437506
1026,0.0002228541998192668,0.0002236771199386567,0.00022312213585246355
1027,0.0002244466304546222,0.00022569100954569876,0.00022495779010932895
1028,0.0002219516399782151,0.00022362131043337285,0.0002225597200449556
1029,0.00022341142990626396,0.00022447839030064642,0.0002237232819898054
1030,0.0002247541001997888,0.00022619044000748544,0.00022518220590427517
1031,0.00022735347971320152,0.00022823720006272198,0.00022773880185559392
1032,0.0002228609099984169,0.00022307530976831914,0.00022297013783827423
1033,0.00022444883943535389,0.0002303713100263849,0.0002261796317761764
1034,0.00022581594006624073,0.0002277046098606661,0.00022641547804232685
1035,0.00022762244974728675,0.00022927599027752876,0.0002280095461755991
1036,0.00022524529020301998,0.0002281472197500989,0.000226404839893803
1037,0.0002264916797867045,0.00022713996993843467,0.00022691804193891583
1038,0.00022815523960161954,0.0002877481398172677,0.00024045107187703252
1039,0.0002297625900246203,0.00023163061996456236,0.00023033263406250625
1040,0.00022527124034240842,0.0002264264604309574,0.00022562148212455215
1041,0.00022832543996628374,0.000266831400222145,0.00023673585196956991
1042,0.00022926917008589954,0.00022991597012151033,0.0002297207040246576
1043,0.0002311097498750314,0.0002332717296667397,0.00023167493182700127
1044,0.00022877455980051308,0.00028540742001496253,0.00024254621006548406
1045,0.00023003057052846997,0.00023037510982248932,0.00023017387406434864
1046,0.00023134848976042122,0.0002328318200306967,0.00023186123208142817
1047,0.0002341545495437458,0.0002367943001445383,0.00023496595805045216
1048,0.00022970106976572425,0.000247461199760437,0.00023393777175806466
1049,0.00023123527003917843,0.00023358820006251336,0.00023204636201262473
1050,0.00023298419022466988,0.0002355354797327891,0.00023370541399344802
1051,0.0002315899298992008,0.00024053546017967166,0.00023539092799182982
1052,0.0002318835601909086,0.00023549249046482147,0.00023291391623206435
1053,0.00023345065012108534,0.00023514466010965407,0.00023414770606905222
1054,0.000235039769904688,0.00023554999963380397,0.00023521005804650485
1055,0.00023667567002121358,0.0002375694102374837,0.00023692058015149087
1056,0.0002321214001858607,0.00024731201003305617,0.00023558131407480686
1057,0.00023531856015324593,0.0002357401401968673,0.00023549518804065884
1058,0.0002367941802367568,0.0002380827401066199,0.0002371175920125097
1059,0.00023825605981983244,0.00024152778030838817,0.00023944561008829623
1060,0.0002358478301903233,0.00023664479958824814,0.00023606775794178249
1061,0.00023721776029560714,0.0002528986701508984,0.000240586708066985
1062,0.00023850180965382607,0.00023905221954919397,0.00023875886376481504
1063,0.0002412995503982529,0.00024216825026087462,0.00024150703800842168
1064,0.00023611611977685242,0.00028738691995386037,0.00024782485398463903
1065,0.00023847484961152078,0.00023915010038763284,0.00023871453385800124
1066,0.00023962325998581945,0.00035384042013902216,0.0002626934320433065
1067,0.00024172473000362517,0.0002465170301729813,0.00024295937607530507
1068,0.00023893731005955487,0.00024255944998003543,0.00023992530186660587
1069,0.00024055577989201993,0.0002409634296782315,0.00024079371604602786
1070,0.00024208849004935472,0.0002447944704908878,0.00024267667601816359
1071,0.00024397234024945647,0.00026133153995033353,0.00024803368595894426
1072,0.00023905089998152107,0.00023990636982489376,0.0002393357619876042
1073,0.00024213978031184524,0.00024293844995554537,0.00024249920004513117
1074,0.00024362450989428907,0.00024944409960880876,0.00024528417584951964
1075,0.0002449892199365422,0.0002457153401337564,0.00024535789201036095
1076,0.00024171941040549428,0.00029923436988610775,0.00025369302404578775
1077,0.0002437397203175351,0.0002465517894597724,0.00024443790188524874
1078,0.00024520230013877156,0.00026701507973484693,0.0002500537319574505
1079,0.0002482513897120953,0.00024915845948271455,0.00024878028582315896
1080,0.00024357529997359961,0.00024638756993226705,0.00024469604203477505
1081,0.00024591119028627873,0.00025030667020473627,0.00024730157013982533
1082,0.0002474085503490642,0.00025381110957823695,0.0002492953739129007
1083,0.00024859542958438396,0.00025056493992451576,0.000249265557853505
1084,0.0002458865498192608,0.00024745483009610327,0.00024629674397874625
1085,0.00024773864017333834,0.0002621466299751773,0.0002510389160597697
1086,0.00024943945987615735,0.0002499926899326965,0.00024968353391159327
1087,0.0002510383998742327,0.00029257912014145403,0.00025977775803767147
1088,0.00024631834006868305,0.00024796655983664093,0.00024691943998914214
1089,0.0002492548298323527,0.00025001912959851327,0.0002497913137776777
1090,0.00025087851041462274,0.00025383102998603133,0.00025183807185385376
1091,0.00025234260014258327,0.0002546467300271615,0.0002533419739920646
1092,0.0002496193000115454,0.00026414416963234545,0.00025269374600611627
1093,0.00025134925963357093,0.00025302815018221733,0.00025195544003508985
1094,0.00025306280993390827,0.0002558680699439719,0.0002538099819794297
1095,0.0002553578303195536,0.00025751117966137826,0.00025628114212304355
1096,0.00025074835983105,0.0002525321301072836,0.0002516045719385147
1097,0.0002528671495383605,0.00025395083997864276,0.00025322783191222695
1098,0.0002540919004241005,0.00027260322007350624,0.00025811116804834455
1099,0.00025606331997551023,0.0002900896297069266,0.0002631532478844747
1100,0.000253349730046466,0.00025373012991622093,0.0002535336639266461
1101,0.00025468628038652244,0.00025528337981086226,0.0002550056701293215
1102,0.00025651635020039975,0.00025861831032671036,0.0002571108401753008
1103,0.0002581609698245302,0.0002623261202825233,0.0002591114341048524
1104,0.0002534477098379284,0.0002694159396924078,0.0002573540820740163
1105,0.00025646384980063883,0.0002570888999616727,0.0002567326237913221
1106,0.0002575068501755595,0.000258822679752484,0.0002584266520570964
1107,0.00025970739021431656,0.0002603518799878657,0.0002600071440683678
1108,0.0002568391198292375,0.00025955672026611865,0.000257903722114861
1109,0.00025855957996100186,0.00026149076991714536,0.0002595795780653134
1110,0.00026007256994489583,0.00026105235971044747,0.0002605303277960047
1111,0.00026366026024334134,0.0003198393603088334,0.00027540242811664934
1112,0.0002582308801356703,0.00025851188984233887,0.00025837093801237644
1113,0.0002596392796840519,0.00029530839005019514,0.0002672237639781088
1114,0.0002615242201136425,0.0002626416797284037,0.0002619332738686353
1115,0.0002632431802339852,0.0002662234503077343,0.0002641683181282133
1116,0.00026093734020832927,0.0002639254298992455,0.00026175850804429507
1117,0.0002625223499489948,0.00026332062028814105,0.00026276081195101143
1118,0.00026374258974101397,0.00026719524001237,0.0002646716618910432
1119,0.0002655286801746115,0.00026688507001381367,0.00026600495411548765
1120,0.0002607574104331434,0.0002633708994835615,0.0002614536219043657
1121,0.0002639933401951566,0.00026454896025825293,0.0002642276119440794
1122,0.0002658738003810868,0.0003065935999620706,0.0002745063760085032
1123,0.000267372649977915,0.0002709653601050377,0.0002681285218568519
1124,0.0002642847801325843,0.0002803220396162942,0.00026786044996697457
1125,0.000266271130531095,0.00026794170029461386,0.0002667910860618576
1126,0.00026794650999363513,0.00026922546036075803,0.00026827497198246423
1127,0.0002703839697642252,0.000284718309994787,0.0002736508739180863
1128,0.0002654711401555687,0.0002672398998402059,0.00026606169203296305
1129,0.00026726023002993316,0.0002686010004254058,0.000267655942006968
1130,0.00026894102978985756,0.00027245156990829856,0.0002698327039834112
1131,0.0002711107995128259,0.00027148719993419946,0.0002713444138644263
1132,0.00026816418976522983,0.00026952128973789513,0.0002685692757368088
1133,0.00026977215020451695,0.0003043559700017795,0.00027719023008830845
1134,0.0002716156200040132,0.00027276673004962505,0.00027186323807109144
1135,0.00027319763030391185,0.000275787390419282,0.0002742896560812369
1136,0.00026827348046936094,0.00027204190962947905,0.0002694252380169928
1137,0.00027180225995834914,0.0002724323299480602,0.00027209213806781915
1138,0.00027276412991341205,0.00027321186033077535,0.00027301864011678844
1139,0.00027459349017590286,0.00027608424017671495,0.0002750501341652125
1140,0.00027189251966774463,0.0002863258303841576,0.00027499496203381565
1141,0.00027360767009668055,0.0002765229297801852,0.0002743568900041282
1142,0.000275564769981429,0.0002764493896393105,0.0002758471058914438
1143,0.0002778513700468466,0.00028081841010134666,0.00027936821011826393
1144,0.00027331151999533177,0.00043495714024174956,0.00030611814616713674
1145,0.00027496777009218933,0.00027537261019460856,0.00027519005606882273
1146,0.0002764938602922484,0.00031362596026156096,0.00028456443210598083
1147,0.00027787289989646526,0.00028139996982645243,0.0002789308580104262
1148,0.00027498719980940223,0.0002767883997876197,0.0002754169839899987
1149,0.0002772524498868734,0.0002825444802874699,0.0002793696819571778
1150,0.0002786340896273032,0.0002795626997249201,0.0002790752997389063
1151,0.0002806632098508999,0.00028279113001190127,0.00028120098600629723
1152,0.00027532410982530566,0.00027886822004802525,0.00027658995788078754
1153,0.0002788164099911228,0.0002931254997383803,0.00028178673179354516
1154,0.00028022309998050333,0.0002821020496776327,0.00028071674390230323
1155,0.00028207920026034115,0.000321225100196898,0.0002903520162217319
1156,0.00028059869015123695,0.00028288208006415515,0.0002811721819452941
1157,0.00028203492984175683,0.0002838874299777672,0.0002827046579914168
1158,0.0002836401795502752,0.000284724059747532,0.0002839779938803986
1159,0.00028576415963470935,0.0003014644101494923,0.0002894705320941284
1160,0.0002808954200008884,0.00028344960999675094,0.00028180545195937156
1161,0.00028240979998372495,0.0002852006303146481,0.00028319807001389564
1162,0.00028421281022019686,0.00028824372042436154,0.0002858504001051188
1163,0.00028603746031876656,0.0003034022595966235,0.0002896682119462639
1164,0.00028275192016735673,0.0002856908203102648,0.0002834181700600311
1165,0.000284557249979116,0.00032051066984422504,0.0002921167039312422
1166,0.00028657403017859904,0.00028774478996638206,0.00028713104000780733
1167,0.00028804383997339757,0.00028994142019655555,0.0002886639758944511
1168,0.0002830864296993241,0.00028501107008196416,0.00028408653009682897
1169,0.00028620486031286416,0.0002892315201461315,0.0002878017500042915
1170,0.000287896070512943,0.0002890554897021502,0.0002883936379803345
1171,0.0002897055895300582,0.00030399893003050236,0.0002928355159237981
1172,0.0002878242201404646,0.00029845204029697924,0.00029036763403564694
1173,0.00028952534950803965,0.0002905238699167967,0.00028986993595026434
1174,0.00029184379964135586,0.00029803657962474973,0.000293724377756007
1175,0.00029350044031161814,0.0002972267899895087,0.00029501546605024487
1176,0.0002846357598900795,0.001781456139869988,0.0005882429119665176
1177,0.0002904280897928402,0.0003265227802330628,0.0002977442081319168
1178,0.00029232446977403017,0.00029406126006506386,0.00029276702401693914
1179,0.00029422135034110395,0.00029521078045945614,0.0002948338220594451
1180,0.0002905993995955214,0.0002945358300348744,0.00029178752203006295
1181,0.00029201881028711796,0.0003088730701711029,0.00029572610207833353
1182,0.0002942044200608507,0.00029516940005123614,0.0002946642917813733
1183,0.00029642970010172574,0.00031111006974242627,0.0002999317339854315
1184,0.0002908678801031783,0.000291188369737938,0.0002909835760947317
1185,0.0002913903404260054,0.0002950846299063414,0.0002941287539433688
1186,0.00029605860996525737,0.0003005973598919809,0.00029723802395164965
1187,0.0002974993601674214,0.00029986860987264664,0.00029866121418308466
1188,0.00029565397009719165,0.0002969449496595189,0.00029599439795129003
1189,0.00029785459977574644,0.00031190381036140026,0.0003007402459625155
1190,0.00029922941990662366,0.0002999226003885269,0.0002996059801662341
1191,0.00030130324012134224,0.00030248931027017535,0.0003017287381226197
1192,0.0002964077499927953,0.00030153115978464484,0.0002980604019248858
1193,0.0002984301600372419,0.0002988144604023546,0.0002986009741434828
1194,0.0003000398201402277,0.0003037136601051316,0.0003011444041039795
1195,0.00030191945959813895,0.00032083159021567553,0.0003060031218919903
1196,0.00029889329976867885,0.000310167699935846,0.00030140042200218884
1197,0.00030061546014621855,0.00030181445996277037,0.00030105176207143817
1198,0.0003024402097798884,0.00030591319024097174,0.00030418920412193985
1199,0.000304479849874042,0.0003061376995174214,0.00030501500202808533
1200,0.0002991576795466244,0.0003004817198961973,0.0002997232417110354
1201,0.00030250101001001896,0.0003174500697059557,0.00030634527176152916
1202,0.0003038595098769292,0.0003048615501029417,0.00030445169401355085
1203,0.0003058891295222566,0.00030742916045710443,0.00030633226595818997
1204,0.0003037104295799509,0.00035451111965812744,0.00031497341382782907
1205,0.00030498617968987673,0.0005104194197338074,0.0003468177719041705
1206,0.00030745300988201053,0.0003453421697486192,0.0003152667339891195
1207,0.0003094101801980287,0.000309979819576256,0.000309695967938751
1208,0.00030393942957744,0.0003057751100277528,0.00030453412793576715
1209,0.00030642009980510923,0.00030760707042645666,0.0003070236219791696
1210,0.0003078706603264436,0.0003112346399575472,0.0003093085801228881
1211,0.000309969509835355,0.000311532579944469,0.00031063633400481197
1212,0.0003067896701395512,0.0003205154603347182,0.0003099922680994496
1213,0.0003080742200836539,0.0003091304597910494,0.0003084881160175428
1214,0.0003099289198871702,0.00035210527013987305,0.000318976477952674
1215,0.0003123415500158444,0.000312862410210073,0.00031257468194235115
1216,0.00030741389957256616,0.0003116062999470159,0.00030909342586528507
1217,0.00031018228037282825,0.0003111592796631157,0.0003106761339586228
1218,0.000312175530125387,0.0003221548703731969,0.00031543752807192506
1219,0.00031384039029944686,0.0003145000099902973,0.00031415825395379217
1220,0.0003117190900957212,0.00033793454000260683,0.0003173255141591653
1221,0.0003137603402137756,0.0003282938298070803,0.0003200456058839336
1222,0.0003154531499603763,0.0003191634698305279,0.0003165528099052608
1223,0.00031784003949724137,0.0003190242097480223,0.00031831336591858414
1224,0.00031279536022339017,0.0003501181001774967,0.0003208921500481665
1225,0.00031398895021993666,0.00032379365002270787,0.00031620724406093356
1226,0.0003160302003379911,0.00032163819996640087,0.00031721874407958237
1227,0.0003180818696273491,0.0003196453396230936,0.00031868741975631565
1228,0.000314712489489466,0.00031754809024278077,0.00031582091795280575
1229,0.0003165750001790002,0.000329977500368841,0.0003202100881608203
1230,0.0003182996599934995,0.0003194271196844056,0.00031886805593967437
1231,0.00032029041030909864,0.00032082127989269794,0.00032055557600688193
1232,0.0003149986895732582,0.00031698674021754416,0.0003154753277776763
1233,0.0003187834401614964,0.00044103001011535525,0.0003549991819309071
1234,0.0003197643498424441,0.00032276815036311743,0.00032082162203732876
1235,0.0003219478495884687,0.00035865324025508016,0.00032962569990195335
1236,0.0003186979703605175,0.0003208740695845336,0.0003192917639389634
1237,0.0003205789299681783,0.00032229497970547526,0.000321168347960338
1238,0.00032348336011637,0.0003272675100015476,0.00032445640396326777
1239,0.0003256420197430998,0.00032707614998798816,0.0003260636139893904
1240,0.0003204735298641026,0.00033473639981821177,0.00032384064793586733
1241,0.0003221820498583838,0.0003244954999536276,0.0003227285780012607
1242,0.00032126526988577095,0.00032516713021323084,0.00032371017802506686
1243,0.0003259452601196244,0.0003287939005531371,0.00032711391011253
1244,0.00032327135966625064,0.0003243980201659724,0.00032380710006691516
1245,0.0003250804805429652,0.00032636824005749076,0.00032546053605619815
1246,0.0003268709499388933,0.00034094871021807195,0.00033043243596330286
1247,0.00032919552002567796,0.00035755228018388154,0.0003349989561829716
1248,0.00032361437974032014,0.00032611125032417477,0.00032459110603667797
1249,0.0003273383103078231,0.0003328039502957836,0.0003286273780977353
1250,0.00032849703973624855,0.00034613981959410014,0.00033265604986809194
1251,0.0003305980900768191,0.0003663851896999404,0.0003379143859492615
1252,0.00032759537047240885,0.0003327334998175502,0.0003287952101090923
1253,0.0003297604399267584,0.0003302227903623134,0.0003299161061877385
1254,0.00033213239978067575,0.00033262158976867797,0.0003323057518573478
1255,0.00033411623968277127,0.0003374863200588152,0.00033568474010098727
1256,0.0003294739098055288,0.00033133473014459016,0.00032998164801392705
1257,0.00033127030998002737,0.0003454476298065856,0.0003345812420593575
1258,0.0003328655200311914,0.00034352459013462064,0.0003357974482933059
1259,0.00033507839019875974,0.00033647985954303293,0.00033570587984286247
1260,0.00033131898962892594,0.0003916234103962779,0.0003465734360506758
1261,0.0003334557096241042,0.0003533412195974961,0.0003380490459967404
1262,0.000335495849722065,0.00035296301008202135,0.0003413810000056401
1263,0.0003374940104549751,0.0003395604103570804,0.0003380223201820627
1264,0.00033188101020641624,0.0003332402097294107,0.0003324206799734384
1265,0.0003359573899069801,0.00033684912021271886,0.00033625897997990254
1266,0.0003371845500078052,0.0003547702298965305,0.000341008446062915
1267,0.0003391533601097763,0.0003539754700614139,0.00034288460994139313
1268,0.0003362982004182413,0.0003390133898938075,0.00033706096396781505
1269,0.00033782090002205223,0.0003770598297705874,0.00034579173009842635
1270,0.0003407504694769159,0.0003420636896044016,0.00034134961769450456
1271,0.00034309589012991636,0.00034625027037691323,0.0003442413860466331
1272,0.0003377429599640891,0.00033872706000693143,0.00033817663404624913
1273,0.00033895467000547795,0.00034087899955920876,0.0003398818917339667
1274,0.0003417472995352,0.0003439603501465172,0.00034232811990659684
1275,0.00034367663029115646,0.00034664568025618794,0.00034460960421711206
1276,0.0003414061601506546,0.00035201594000682234,0.00034378821798600255
1277,0.0003421667596558109,0.00034529481024947017,0.00034327700186986474
1278,0.00034425640013068914,0.00037969505006913096,0.0003520964641356841
1279,0.00034600249025970695,0.000346681930241175,0.0003462816399987787
1280,0.00034043787978589536,0.0003423492796719074,0.00034156119776889685
1281,0.00034451435960363596,0.00034577437036205084,0.00034491473401430993
1282,0.00034601741994265466,0.0003613105899421498,0.00034935562405735254
1283,0.0003480129799572751,0.0003629333601566032,0.0003523684100946412
1284,0.00034469627018552274,0.00034746275981888174,0.00034562311600893735
1285,0.0003466998605290428,0.00034738822025246916,0.00034694119624327865
1286,0.00034953767026308925,0.0003499479196034372,0.00034979309793561696
1287,0.000352263170061633,0.00041167683026287704,0.00036952705797739326
1288,0.00034655328025110063,0.0003583324997453019,0.0003514667799463495
1289,0.00034813949023373427,0.0005003835598472506,0.0003991325920214877
1290,0.00035048409015871586,0.0003523907798808068,0.0003513386960839853
1291,0.00035219342971686273,0.00035678574990015476,0.00035386731789913026
1292,0.0003486944001633674,0.00034974081965629013,0.00034916939202230424
1293,0.00035079324967227874,0.00036646140972152353,0.00035454890178516504
1294,0.0003526320098899305,0.00035359738976694646,0.0003531334939179942
1295,0.00035482314007822424,0.00039533169008791445,0.00036363480996806175
1296,0.0003489670902490616,0.0003521313902456313,0.0003501257341122255
1297,0.0003528572298819199,0.0003715470398310572,0.00035732186387758705
1298,0.00035470921953674407,0.0003719918400747702,0.000358417349983938
1299,0.00035608473990578204,0.000357293050037697,0.0003567326441407204
1300,0.00035315996035933494,0.00037029250990599393,0.0003569275800837204
1301,0.0003552049200516194,0.00035845959966536613,0.00035657237202394755
1302,0.00035703928966540843,0.0003600551298586652,0.0003579133959719911
1303,0.0003603346302406862,0.00039427493000403045,0.0003695122798671946
1304,0.0003551336796954274,0.00035890310013201085,0.0003563157079042867
1305,0.0003572245204122737,0.00036013666016515344,0.00035793321800883863
1306,0.0003592800901969895,0.00036266600014641883,0.00036012527998536826
1307,0.00036141880962532014,0.0003632973600178957,0.00036198060179594904
1308,0.0003575830702902749,0.00037066777993459253,0.00036054264404810965
1309,0.00035946732037700713,0.0003622914996230975,0.00036023336194921285
1310,0.0003615018498385325,0.00036490709986537696,0.0003630385699216277
1311,0.0003639169898815453,0.0003647689503850415,0.0003642241719644517
1312,0.0003546927502611652,0.0019020578998606651,0.000667550676036626
1313,0.00036207588971592485,0.00039743119035847487,0.0003692592341685668
1314,0.0003634630399756134,0.0003638890100410208,0.0003636054379167035
1315,0.0003656733001116663,0.00036737150978297,0.0003663366299588233
1316,0.000361859790282324,0.000367003430146724,0.0003633325182599947
1317,0.0003638733900152147,0.0003666276397416368,0.00036479549983050674
1318,0.00036621437000576405,0.0003818772197701037,0.00037405840796418487
1319,0.0003694298700429499,0.0004097168199950829,0.00038093927805311976
1320,0.0003636739100329578,0.00036678041040431707,0.0003646368939662352
1321,0.00036593165015801787,0.00037110153993126006,0.0003674065760569647
1322,0.0003674245998263359,0.0003817355498904362,0.0003731977479765192
1323,0.0003704189701238647,0.00037285754980985074,0.0003713532460387796
1324,0.00036789334029890597,0.0003825485403649509,0.00037217682006303223
1325,0.00036964264989364893,0.00037322913005482405,0.00037075098196510226
1326,0.00037141240027267487,0.00038732470013201235,0.0003748509262222797
1327,0.0003733133798232302,0.0004085528600262478,0.000381380247999914
1328,0.00036752504005562516,0.0003692411899100989,0.00036827143188565965
1329,0.0003715816902695224,0.0003744878200814128,0.0003722636819584295
1330,0.0003731500700814649,0.0003783238603500649,0.00037465196591801944
1331,0.00037465712986886504,0.0003773245302727446,0.0003757169401505962
1332,0.0003723674302455038,0.00038549973978661,0.0003755412921309471
1333,0.00037413265032228084,0.0003905826498521492,0.00037769100617151706
1334,0.00037624103017151354,0.0003937539702747017,0.00038031871209386737
1335,0.000379076530225575,0.0005664353998145089,0.00041996507404837757
1336,0.0003739738604053855,0.0003848711698083207,0.0003766750240465626
1337,0.0003758679301245138,0.00041404819989111275,0.00038391938793938605
1338,0.0003781099402112886,0.0003809321200242266,0.0003795660340692848
1339,0.00037905246950685977,0.00038122455996926876,0.0003802314338972792
1340,0.0003774541401071474,0.00039225008978974077,0.00038404817797709254
1341,0.00037891982996370645,0.0003937418304849416,0.00038487902202177793
1342,0.00038060961989685896,0.00039097232976928356,0.00038365941005758945
1343,0.0003791909100254998,0.00038427023973781617,0.00038257053203415126
1344,0.00037578365998342634,0.00039291599998250606,0.0003803197839297354
1345,0.00038095324009191245,0.0003848326700972393,0.0003826239499030635
1346,0.0003826613700948656,0.00040086908964440224,0.0003898471179418266
1347,0.0003847032104386017,0.00038689754030201583,0.0003856849543517456
1348,0.00038156915979925543,0.00038364787003956734,0.00038229757396038625
1349,0.00038362141989637164,0.0003877400798955932,0.0003847399540245533
1350,0.0003849610796896741,0.00038700734032318,0.000386048657936044
1351,0.0003884360502706841,0.00042506568017415704,0.00039659021608531473
1352,0.0003822685300838202,0.00038434113026596605,0.00038354334607720376
1353,0.0003853572002844885,0.000388150520157069,0.0003864808980142698
1354,0.0003878854401409626,0.00040079482016153634,0.0003913647381123156
1355,0.0003901877597672865,0.000404688369599171,0.00039323537412565203
1356,0.0003858641104307026,0.0003876145195681602,0.00038666127400938425
1357,0.00038652571965940296,0.001234513780218549,0.0005960823438363151
1358,0.00039015778980683536,0.0006042926496593282,0.0004334756438620389
1359,0.0003942067199386656,0.0004295968497171998,0.00040163665392901746
1360,0.0003853954398073256,0.00038916375022381546,0.0003869443779112771
1361,0.00038888773997314274,0.0003905809496063739,0.00038991632778197525
1362,0.00039158680010586977,0.00039266737992875276,0.0003920337780145928
1363,0.00039381368027534335,0.00039789226022548976,0.0003953817400615662
1364,0.0003897660499205813,0.00040512804000172767,0.00039463423402048646
1365,0.00039242420985829084,0.000397065129945986,0.0003940850219223648
1366,0.00039612811990082265,0.0004133782704593614,0.0004022553961258382
1367,0.00039869913016445937,0.00041854254028294235,0.00040713495004456485
1368,0.00039210691989865153,0.00039589688007254155,0.0003943698019720614
1369,0.00039634659013245256,0.0003983782295836136,0.0003971729918848723
1370,0.0003980586398392916,0.000405868969974108,0.000400047589908354
1371,0.000400409649591893,0.00043549865018576383,0.00040814891608897594
1372,0.00039582183002494274,0.00039876152004580945,0.0003970886960159987
1373,0.0003986004198668525,0.000433624479919672,0.00040618617809377606
1374,0.00039960406022146347,0.00040237053006421776,0.0004011472100391984
1375,0.00040130167966708543,0.00040448731975629927,0.0004028232659911737
1376,0.00039711668970994653,0.00041241956991143523,0.00040156537387520076
1377,0.00040084482985548676,0.0004051112401066348,0.0004022242380306125
1378,0.00040315646037925035,0.00040457005030475557,0.00040378970210440456
1379,0.00040461894008331,0.0004057949100388214,0.0004050825539743528
1380,0.00039991130004636945,0.0004594413400627673,0.00041449015610851343
1381,0.0004046644299523905,0.0004355219495482743,0.0004148898698622361
1382,0.0004057917802128941,0.0004064285504864529,0.00040606133406981824
1383,0.0004092448198935017,0.0004938948398921639,0.0004300447819987312
1384,0.00040401942969765515,0.00040725867031142114,0.00040501703799236563
1385,0.00040563068003393707,0.0004101609002100304,0.00040734008210711176
1386,0.0004058638995047659,0.0004215825401479378,0.00041064188804011795
1387,0.0004085077496711165,0.0004106824396876618,0.0004098429777659476
1388,0.0004059296200284734,0.0004364099400117993,0.00041272997402120383
1389,0.00040835156047251074,0.00041195847967173904,0.0004098795660538599
1390,0.0004106658900855109,0.0004232402698835358,0.0004135870159370825
1391,0.00041327106999233365,0.00041589548985939475,0.0004141905559226871
1392,0.00040540743968449535,0.0004071356100030243,0.00040646830992773175
1393,0.00041136837971862407,0.00041498702019453047,0.0004125921640079468
1394,0.0004127631196752191,0.00042975811986252667,0.00041966537793632595
1395,0.00041507026006001977,0.00043980613991152496,0.0004234755778452381
1396,0.0004115633195033297,0.0005130853899754584,0.00043504241982009266
1397,0.00041157144005410373,0.0004159848397830501,0.0004138793119927868
1398,0.00041432197962421925,0.00042031958990264686,0.0004167070599505678
1399,0.00041771959979087115,0.0004201703000580892,0.00041864353604614737
1400,0.00041209848015569153,0.0004147581703728065,0.0004137195602525026
1401,0.000415483089745976,0.00047676954010967166,0.00042818906414322555
1402,0.00041669612983241677,0.0004301478998968378,0.00042176766588818284
1403,0.0004178232804406434,0.0004239270801190287,0.00042104973609093576
1404,0.0004156878602225333,0.0004304073599632829,0.0004196281440090388
1405,0.0004167245596181601,0.00041951006976887584,0.0004185023019090295
1406,0.00042096764023881407,0.00043772878998424856,0.0004250040639890358
1407,0.00042283557006157936,0.0004617319302633405,0.000431586731923744
1408,0.0004163459502160549,0.00043115983018651607,0.00042040191008709373
1409,0.0004212149797240272,0.0004618690599454567,0.00043018319003749637
1410,0.0004233736399328336,0.00042481518001295625,0.0004241153580369428
1411,0.0004248577600810677,0.0004399025498423725,0.00043020780594088136
1412,0.00041994734026957304,0.00043065637990366665,0.0004233501179842278
1413,0.00042300384026020763,0.00042522291012573986,0.0004243095001438633
1414,0.0004236752801807597,0.0004311526904348284,0.0004267687281826511
1415,0.0004277271102182567,0.0004622539394767955,0.0004360864999471232
1416,0.00042250900994986293,0.0004262394702527672,0.0004240742119727656
1417,0.0004241155699128285,0.00042905682988930493,0.0004268432098906487
1418,0.000427348290104419,0.000429140689666383,0.0004281407300150022
1419,0.0004311640898231417,0.00046231494983658196,0.00044219937990419567
1420,0.0004246892995433882,0.0004288803902454674,0.000426906029926613
1421,0.00042885605012997984,0.00043010163004510106,0.0004292485280893743
1422,0.0004303855501348153,0.00048808571009431036,0.00044304882397409526
1423,0.000433556970092468,0.000469235610216856,0.00044204433611594145
1424,0.0004264142503961921,0.0004277898697182536,0.0004270699301268905
1425,0.00042935564008075747,0.00043192134995479137,0.00043096138990949835
1426,0.00043420224043075,0.0004371136799454689,0.00043515700998250395
1427,0.00043626361002679914,0.0004486437200102955,0.0004399719340726733
1428,0.00043123126961290835,0.0004339230101322755,0.0004329879519063979
1429,0.0004324572201585397,0.00047608294000383466,0.000442718020058237
1430,0.00043549890047870574,0.000439700810238719,0.00043748464214149864
1431,0.0004403243499109522,0.0004533254000125453,0.0004434978918870911
1432,0.0004334428097354248,0.0004423493397189304,0.00043532141577452425
1433,0.0004353819601237774,0.0004379131103632972,0.00043623601202853025
1434,0.00043796951009426264,0.00044695931021124127,0.00044094557000789786
1435,0.00043956473993603143,0.000495225340127945,0.00045256568805780267
1436,0.0004344771901378408,0.0004534964798949659,0.0004390854020603002
1437,0.00043916077993344516,0.00044058648985810577,0.00043984198803082106
1438,0.00044051776989363135,0.00044512813037727027,0.0004420947640901431
1439,0.0004433636902831495,0.00047285628970712424,0.0004498540159547702
1440,0.0004355464299442247,0.00043790876981802284,0.00043689053796697414
1441,0.00044129868037998674,0.0004462248203344643,0.0004431561921956017
1442,0.00044426131993532183,0.0005036860198015347,0.0004569935939507559
1443,0.000447804220020771,0.00048107924987562,0.0004582298420136795
1444,0.0004437658895039931,0.0004465552099281922,0.0004449640319216996
1445,0.0004449136002222076,0.00044938069011550395,0.0004464966021478176
1446,0.0004463567398488522,0.00044909848016686736,0.00044773581612389535
1447,0.0004494913900271058,0.00046175969007890673,0.0004536056580254808
1448,0.00044217875984031707,0.00044604837021324786,0.00044433441804721957
1449,0.00044361740001477303,0.0004849396995268762,0.0004534954240079969
1450,0.0004467084800126031,0.00045227137045003476,0.0004495259401155636
1451,0.0004504608502611518,0.00046448726032394916,0.00045521809614729137
1452,0.0004443788802018389,0.0004480575304478407,0.00044593126827385273
1453,0.00044721427955664696,0.0004487996903480962,0.0004481636619893834
1454,0.0004508985404390842,0.00045443764014635235,0.00045211377204395825
1455,0.0004548490699380636,0.00048755866999272257,0.000464574096025899
1456,0.00044693375006318094,0.0004494851297931746,0.0004478052678750828
1457,0.00044998363999184223,0.00045089020975865425,0.00045033677201718094
1458,0.00045513238990679383,0.00045711521990597246,0.0004559084100183099
1459,0.00045684462995268407,0.0004690574097912759,0.0004625176258850843
1460,0.0004533978900872171,0.0004563528101425618,0.00045425912982318556
1461,0.0004554885200923309,0.0004598082404118031,0.0004568538840394467
1462,0.0004575179400853813,0.0006185094203101471,0.000490238800062798
1463,0.00046043959038797764,0.0004954260599333793,0.0004692883240059018
1464,0.0004543368995655328,0.000457836709683761,0.0004563723698956892
1465,0.000455306870280765,0.0004586310702143237,0.00045645734202116726
1466,0.00045822743035387245,0.0004730274801841006,0.000467016312177293
1467,0.00045978676993399856,0.00047689725004602224,0.0004668973161606118
1468,0.000456477309926413,0.00045725442992988974,0.0004569503719685599
1469,0.0004588409303687513,0.0005004204000579193,0.0004674590619979426
1470,0.00046103626023977993,0.0004622391698649153,0.0004616391259478405
1471,0.0004633052001008764,0.0004803120100405067,0.0004673162860563025
1472,0.0004573843500111252,0.0004582095600198954,0.0004577687940327451
1473,0.0004603845498058945,0.00047530992014799267,0.00046468970214482395
1474,0.00046486245992127806,0.0005217134195845575,0.00047661661589518193
1475,0.00046672265976667405,0.0004703613300807774,0.0004681625600205734
1476,0.00046392351971007883,0.0004656614101259038,0.0004645885438658297
1477,0.0004658608796307817,0.0004771171201718971,0.0004684089099755511
1478,0.00046792325971182434,0.0004838366399053484,0.00047379077179357407
1479,0.00046935176011174916,0.00047241657972335816,0.00047140466398559505
1480,0.00046361935033928603,0.0004648528998950496,0.0004644049840280786
1481,0.0004654955898877233,0.0010554159700404853,0.0005842258739285171
1482,0.00046867330034729095,0.0005049485299969092,0.00047642461815848943
1483,0.00046957525017205626,0.00047299491998273877,0.00047138390806503595
1484,0.0004663784900913015,0.0004691170097794384,0.00046753727213945243
1485,0.00046728665998671206,0.0004720285499934107,0.000469660968054086
1486,0.00047070351021829995,0.00048722860985435547,0.00047480917396023877
1487,0.0004740215901983902,0.0005138339998666197,0.00048242806398775425
1488,0.0004670756502309814,0.000468733090092428,0.00046769358403980733
1489,0.000472108680405654,0.0004898406798020006,0.0004792672221083194
1490,0.00047584993008058517,0.0004902312002377585,0.0004790927319554612
1491,0.0004778464802075177,0.0004845216195099056,0.0004798990078270436
1492,0.0004742367600556463,0.0004778439796064049,0.0004752893339609727
1493,0.00047616768977604807,0.0005258933798177168,0.0004874693200690672
1494,0.00047870695008896293,0.00048049210978206246,0.0004794784759869799
1495,0.00048069718992337584,0.00048321761016268284,0.0004814929700223729
1496,0.00047525591973681004,0.00047689642000477763,0.0004757099278504029
1497,0.0004764985799556598,0.0004906442202627659,0.0004809403260005638
1498,0.00047763195005245506,0.00047985311946831645,0.00047861543390899895
1499,0.0004810027300845832,0.000542164079961367,0.0004941787119023503
1500,0.0004758271499304101,0.0005117020197212696,0.0004876201899023726
1501,0.00047951649001333864,0.0004843691899441183,0.0004812965741148219
1502,0.0004811067000264302,0.0004856355203082785,0.0004834687560796738
1503,0.00048354287981055677,0.0004848712094826624,0.00048422416578978295
1504,0.0004778083600103855,0.00048474796989466995,0.00047970785398501905
1505,0.0004824354301672429,0.0004852139198919758,0.0004833735440624878
1506,0.0004859108896926045,0.0005249082000227646,0.0004939218619838357
1507,0.0004877784196287394,0.000491498649935238,0.0004887846278725192
1508,0.0004844904801575467,0.0004970084299566225,0.0004880040040006861
1509,0.0004865842196159065,0.0004907313198782504,0.0004877670638961717
1510,0.0004883649799739942,0.0004902430198853835,0.000489485114114359
1511,0.0004897905996767804,0.0005245952995028346,0.000501416849787347
1512,0.0004844850499648601,0.000489172840025276,0.00048702456383034593
1513,0.00048741350998170673,0.0004903899802593515,0.0004883462261641399
1514,0.000489252979750745,0.0005206384300254285,0.0004959629098884762
1515,0.0004921737394761295,0.0005198433704208582,0.00049851139402017
1516,0.0004877936898265034,0.0004903430701233447,0.0004888550997711719
1517,0.0004899181897053495,0.0005498061998514458,0.0005040727240266279
1518,0.0004913558199768886,0.0004928844299865886,0.0004922855878248811
1519,0.0004941761796362698,0.0005280261498410255,0.0005037149298004806
1520,0.0004864194500260055,0.0004921694000950083,0.0004883609559619799
1521,0.0004927041800692677,0.0005022599000949413,0.0004948430039221421
1522,0.0004966250702273101,0.000514018259709701,0.0005036453361390159
1523,0.0004980998503742739,0.0005118593794759363,0.000501748341950588
1524,0.0004946686601033434,0.0005352341401157901,0.0005035335380816832
1525,0.0004953344800742343,0.0004989875800674781,0.0004970221979310736
1526,0.0004998834995785729,0.0005127039202488958,0.0005028954320587218
1527,0.0005007410701364279,0.0005049381696153432,0.0005030663379002363
1528,0.0004958890803391113,0.0004972187202656642,0.0004966125660575926
1529,0.0004974154796218499,0.0005020749202230945,0.0004990684880176559
1530,0.0005003172799479216,0.000504496039939113,0.0005018337420187891
1531,0.0005019402503967285,0.000504871429875493,0.0005032911339076236
1532,0.0004980161698767916,0.0004992341902107,0.0004985837260028348
1533,0.0005004025204107165,0.0005264686199370771,0.0005058948539663106
1534,0.0005029568000463768,0.0005103088798932732,0.0005048206159844994
1535,0.0005057708598906175,0.0005614912201417611,0.0005174527800409123
1536,0.0004984908195910976,0.0005324179003946484,0.0005063289239769801
1537,0.0005038271797820925,0.0007813906401861459,0.0005605760399485007
1538,0.0005055403203004971,0.0005077432602411136,0.0005066956781083718
1539,0.0005085933196824044,0.0005116113502299413,0.0005101097979350015
1540,0.0005055592401186004,0.000522503909887746,0.0005099088578717783
1541,0.0005075413698796183,0.0005104932800168171,0.0005087718439754098
1542,0.0005065571703016758,0.0005112553801154718,0.0005096848000539468
1543,0.0005126500403275714,0.0005572047102032229,0.0005223457440733909
1544,0.0005061801598640159,0.0005099876399617642,0.000507866365951486
1545,0.0005076678795740008,0.0005115359800402075,0.0005092239580117167
1546,0.0005097032099729404,0.0007329513900913298,0.0005559140719706193
1547,0.0005139129102462903,0.0005637279502116143,0.0005246152760228142
1548,0.0005090205499436707,0.0005120261502452194,0.000509909876040183
1549,0.0005111758998828009,0.0005139880499336869,0.000512456902069971
1550,0.0005127194296801463,0.00051724569988437,0.0005144781819544733
1551,0.0005162586900405586,0.0005213235702831298,0.0005180180141469464
1552,0.0005079859303077683,0.0005675957002677024,0.0005208482480375096
1553,0.0005135268898447975,0.0005147304898127914,0.000514204507926479
1554,0.0005184559000190347,0.0005700642097508535,0.000529344523907639
1555,0.0005199273000471294,0.0005217552499379962,0.0005204919159878046
1556,0.000515128499828279,0.0005183432000922039,0.0005164913400076329
1557,0.0005188111396273598,0.000529673449927941,0.000521612137905322
1558,0.0005210071598412469,0.0005230738397222013,0.0005219488036818803
1559,0.0005221409397199749,0.0005632196401711553,0.000531768065993674
1560,0.0005147639097413049,0.00054239186050836,0.0005251381901325658
1561,0.0005193225498078391,0.0005207050900207832,0.0005199009319767356
1562,0.0005206235300283879,0.0005216603400185704,0.0005210044721607119
1563,0.0005238898296374828,0.000524870419758372,0.0005243145239073783
1564,0.0005193992698332295,0.0005571941600646823,0.0005284161259187385
1565,0.0005214292998425663,0.0005247664201306179,0.0005222901360830292
1566,0.0005239807703765109,0.0005251135502476245,0.0005243101381929591
1567,0.0005271438695490361,0.0005396071099676192,0.000530658547882922
1568,0.000519881839863956,0.0005342936597298831,0.0005238348259590566
1569,0.0005247279198374599,0.0005870302196126432,0.0005425356019986793
1570,0.0005286588298622518,0.000537603729753755,0.0005312614620197564
1571,0.0005324317200575024,0.0005659875296987594,0.0005398340319516138
1572,0.0005252410500543192,0.0005292365700006484,0.0005275185380596667
1573,0.0005288439500145615,0.0005309166497318074,0.0005296093899523839
1574,0.0005305371299618855,0.0005612849903991446,0.0005377243519760668
1575,0.0005346053896937519,0.0005379226699005812,0.0005361467339098454
1576,0.0005272337701171636,0.0005666122498223558,0.0005385176559211686
1577,0.0005296307697426528,0.0005594066402409226,0.0005365612480090931
1578,0.0005312248703557998,0.0005412125802831724,0.0005345086741726845
1579,0.0005351772200083361,0.0005373509100172669,0.0005362428320804611
1580,0.0005301000096369535,0.0005312156496802344,0.0005307010898832232
1581,0.0005305940000107512,0.0005674878298304975,0.0005400500319665297
1582,0.0005347887799143791,0.0005359554197639227,0.0005352989978855475
1583,0.0005380553705617786,0.0005415905499830842,0.0005391369342105463
1584,0.000529529539635405,0.000558640580275096,0.0005372736239805817
1585,0.0005345308902906254,0.000536720710224472,0.0005354467300930992
1586,0.0005398781999247148,0.0020465185801731424,0.0010420827580383048
1587,0.0005414909200044349,0.0005481937201693654,0.0005436730679357425
1588,0.0005368016305146738,0.0005379281000932679,0.0005374588201520964
1589,0.000539907529600896,0.0005434907000744716,0.0005409857038175687
1590,0.00054206445987802,0.0005578411999158561,0.0005462895500240848
1591,0.0005451249697944149,0.0005861362296855077,0.0005543249518377706
1592,0.0005379002302652225,0.0005402333999518305,0.0005391092441277579
1593,0.0005403567099710926,0.0005671384104061871,0.0005460774881066754
1594,0.0005434116098331287,0.0005448207998415455,0.0005437580437865107
1595,0.0005457970796851441,0.000555491850245744,0.0005489942799322307
1596,0.0005407184798968956,0.000596689450321719,0.000552769673988223
1597,0.0005429647699929774,0.0005448998196516186,0.0005436840098118409
1598,0.0005453024600865319,0.000546435839496553,0.0005457669260213151
1599,0.0005491542199160904,0.0005505552899558097,0.0005498047678265721
1600,0.0005406184500316158,0.0005427776096621528,0.0005420219439547509
1601,0.0005466037197038532,0.0005475110799307004,0.000547026876010932
1602,0.0005432007799390703,0.0005525603401474654,0.0005479749141959474
1603,0.0005511772801401094,0.0005833192897262052,0.0005581079659750686
1604,0.0005466295499354601,0.0006283830699976533,0.0005653471460100263
1605,0.0005475200799992308,0.0005525958898942917,0.0005496208519907668
1606,0.0005509218003135175,0.0005655464000301436,0.0005547388780396432
1607,0.0005552585399709642,0.0005578800500370562,0.0005567108440445736
1608,0.0005493804701836779,0.0005732761602848768,0.0005544821000657976
1609,0.0005513744201743975,0.0005649957800051197,0.000555058892001398
1610,0.000554400350083597,0.0005565529997693375,0.0005552513498114423
1611,0.0005566337396157906,0.000560661829658784,0.000557961257873103
1612,0.0005519298196304589,0.0005863506899913773,0.000559571421938017
1613,0.0005544200696749612,0.0006759254197822883,0.0005828461358323693
1614,0.0005573243898106739,0.0005587490001926199,0.0005581021921243519
1615,0.0005586300796130672,0.0005619089899118989,0.0005602954939240589
1616,0.0005519160500261932,0.0005668902100296691,0.0005568387600360438
1617,0.0005572370102163404,0.000559677590499632,0.0005584314360748976
1618,0.000559954890049994,0.0006190400599734858,0.0005740736200241372
1619,0.0005625903001055121,0.0005998441594420001,0.0005721111098537221
1620,0.0005582225997932255,0.0005631657497724518,0.0005600837080273777
1621,0.0005589240795234218,0.0005621573003008962,0.0005603348459117116
1622,0.0005629055597819388,0.0005779360001906753,0.000568543653935194
1623,0.0005672749696532264,0.0005691919702803716,0.0005677892660023644
1624,0.0005606922996230423,0.0006039413501275704,0.0005697677700081839
1625,0.0005622652795864269,0.0005940545297926291,0.0005727090897271409
1626,0.0005638061894569546,0.0005676268896786497,0.0005657296297140419
1627,0.0005681374296545983,0.0005772812804207206,0.0005702331661013887
1628,0.0005637511803070083,0.0006243858794914559,0.0005759454418439418
1629,0.0005657424201490357,0.0005676387896528468,0.0005666994878556579
1630,0.0005665572098223493,0.0005726791301276534,0.0005689059519208967
1631,0.000572351620066911,0.0005868667003232986,0.0005758167899912223
1632,0.0005633379897335545,0.0005788725498132407,0.0005675910578574986
1633,0.0005687752499943599,0.0006378097395645455,0.0005827218239428476
1634,0.0005706066102720797,0.0006341920996783302,0.0005838056281208992
1635,0.0005735571996774525,0.0005808803101535887,0.0005765529039781541
1636,0.0005693210300523788,0.0005723011901136488,0.0005703647040063515
1637,0.000573148539988324,0.000575393260223791,0.0005745940338820219
1638,0.0005775863502640277,0.0006099377298960462,0.0005897331498563289
1639,0.0005755579401738941,0.0005804888700367883,0.0005783899660455063
1640,0.0005712729803053662,0.0005731442203978077,0.0005720161461504177
1641,0.0005729916098061949,0.000610104930237867,0.0005842353960033507
1642,0.0005760411103256047,0.0005773179500829428,0.0005767064060783014
1643,0.0005795889999717474,0.0005800710897892713,0.0005798050400335342
1644,0.000574919730424881,0.0006100817496189848,0.0005829111540224403
1645,0.0005762068904004991,0.0005820295499870553,0.0005781814019428566
1646,0.0005794342001900077,0.0005823630699887871,0.0005804349939571693
1647,0.0005823339096968994,0.0006143206101842225,0.0005895045360084624
1648,0.0005754527897806838,0.0005788464000215754,0.0005766044940100983
1649,0.0005803709902102127,0.0006402646302012727,0.0005928707380080595
1650,0.0005828264000592754,0.000599129640031606,0.0005902848260011524
1651,0.0005849499598843976,0.000587692690314725,0.0005862101319944486
1652,0.0005807559797540307,0.0005818294495111331,0.0005812764357542618
1653,0.000584415880148299,0.0006001707300310955,0.0005888294379692525
1654,0.0005869393900502473,0.0005974816001253203,0.0005903813740005717
1655,0.00059039210958872,0.0005914792098337784,0.0005908430798444897
1656,0.0005825057602487504,0.0005968777899397537,0.0005870753281051293
1657,0.0005847694905241951,0.0005909171601524576,0.0005871609720634297
1658,0.0005873354896903039,0.0005910137301543728,0.0005893780158367009
1659,0.0005913005594629794,0.0006468424998456612,0.0006056327038677408
1660,0.000586604030104354,0.0005910733202472329,0.0005885210061678663
1661,0.0005882889201166108,0.0005903980799484998,0.0005890308200614527
1662,0.000590219940058887,0.0006201477802824229,0.0005993374299723655
1663,0.0005945142998825759,0.0005977293901378289,0.0005956989518599584
1664,0.0005833409400656819,0.0005892840202432126,0.0005869978340342641
1665,0.0005914182402193546,0.0006482941197464243,0.0006035427978495136
1666,0.0005938469601096585,0.0005989846697775647,0.000596301175886765
1667,0.000595575729967095,0.000599705699714832,0.0005976024440024049
1668,0.0005920515698380768,0.0006085084198275581,0.0005972633339697494
1669,0.0005963538301875814,0.000598781980224885,0.0005971638541668653
1670,0.0005984009802341461,0.0006368515198118985,0.0006069250560831279
1671,0.0006014948303345591,0.0006327185401460156,0.0006084715999895707
1672,0.0005940738401841372,0.000598573480383493,0.0005956671581370755
1673,0.0005958052101777867,0.0005973162798909471,0.000596748998039402
1674,0.0005985667603090406,0.0006520622503012419,0.0006099982961313799
1675,0.0006027375895064324,0.0006067348003853112,0.0006038435699883849
1676,0.0005958812299650163,0.0006146350700873881,0.0006031625039177016
1677,0.000600420240079984,0.0006299260800005868,0.0006096333479508758
1678,0.000603079290012829,0.0006061406998196617,0.0006044905760791152
1679,0.0006060268904548138,0.0006669733300805092,0.0006189279220998287
1680,0.0005985440697986633,0.0006332177796866744,0.0006056099338456989
1681,0.0006022521597333253,0.0006099259096663445,0.0006051766119198874
1682,0.0006053758697817102,0.0006062489800387993,0.000605814657988958
1683,0.0006074215099215508,0.0006252030702307821,0.0006115221621003002
1684,0.0006039126799441874,0.0006171752704540268,0.0006082236722577364
1685,0.0006070500198984518,0.0006610175699461252,0.0006206425579730421
1686,0.0006107452599098906,0.0006402581499423832,0.0006180054160067811
1687,0.0006123558199033142,0.00063037162006367,0.0006169461860554293
1688,0.0006061925401445478,0.0006076085200766102,0.0006066240421496331
1689,0.0006075741699896753,0.0006422914401628077,0.0006154233040288091
1690,0.0006113840197212994,0.0006131080701015889,0.000612311995937489
1691,0.0006144200800918042,0.0006150143704144284,0.0006146744840079918
1692,0.0006077958300011232,0.0006275868800003082,0.0006147302099270746
1693,0.000611437099869363,0.0006147834198782221,0.0006125753220403567
1694,0.0006109572097193449,0.0006787186296423897,0.0006272344099124893
1695,0.0006187216198304668,0.00065052026999183,0.0006284369319910183
1696,0.0006086123001296073,0.0006119249697076157,0.0006103683159453795
1697,0.0006137638399377466,0.0006179516098927707,0.0006156112420139835
1698,0.000617327339714393,0.0006212781800422817,0.0006190107059665024
1699,0.0006194881000556051,0.0006634743604809046,0.0006303770240629091
1700,0.0006150070903822779,0.0006315109104616568,0.000618705244269222
1701,0.0006193485297262669,0.0006237132102251053,0.0006207272259052843
1702,0.0006207522004842758,0.0006243984698085114,0.0006220637339865788
1703,0.0006249524897430092,0.0006761066702893004,0.000635560791939497
1704,0.0006183161097578705,0.0006325441598892212,0.0006217038719914853
1705,0.0006199618300888688,0.0006218762299977243,0.0006207241200609133
1706,0.0006209484301507473,0.0006370043201604858,0.0006258232920663432
1707,0.000626392780104652,0.0006304683402413502,0.0006278432360850275
1708,0.0006185642501804978,0.0012808988499455154,0.0007529742239275947
1709,0.0006232048396486789,0.0006748098396928981,0.0006413798718713224
1710,0.0006269092101138086,0.0006291220599086955,0.0006278038658201694
1711,0.0006284035398857668,0.000631640069768764,0.0006296426319750026
1712,0.0006213836703682318,0.0006491972197545693,0.0006303683019941673
1713,0.0006272508099209517,0.0006719677097862586,0.0006374673219397664
1714,0.0006286864401772619,0.000630976139800623,0.0006293289340101182
1715,0.0006298162898747251,0.0006394621502840891,0.0006331562480190769
1716,0.0006272587098646909,0.0006310839101206511,0.0006284685039427132
1717,0.0006281448301160708,0.0006616344401845709,0.0006356540760025382
1718,0.0006318675202783197,0.0006345446303021163,0.0006337100761011243
1719,0.0006364026298979297,0.0006370916904415935,0.0006366656920872628
1720,0.0006298123602755368,0.0006462171801831573,0.0006335983237950131
1721,0.0006319452496245504,0.0006470161501783878,0.0006361861740006135
1722,0.0006316443899413571,0.0006370637199142947,0.0006342088299570606
1723,0.0006379653699696064,0.0009226835198933259,0.0007079626978375018
1724,0.0006327338598202914,0.0006359426397830248,0.0006340881258947774
1725,0.0006352857401361689,0.0006366148794768378,0.0006360242558876053
1726,0.0006377027399139479,0.0006541257200296969,0.0006420623300364241
1727,0.0006413398100994527,0.000645092679769732,0.0006432010919088497
1728,0.0006331725500058383,0.0006610477896174416,0.0006407045619562267
1729,0.0006385269400198013,0.0006534664001083001,0.0006425330339698121
1730,0.000640728059806861,0.0006428375199902803,0.0006415704260580242
1731,0.0006429681699955836,0.0006763435603352264,0.0006503265181090682
1732,0.0006383507902501151,0.0006410937203327194,0.0006392813381971791
1733,0.0006409112800611183,0.0006433615699643269,0.0006419068420073017
1734,0.0006434938102029264,0.0006582752498798072,0.0006468892160337418
1735,0.0006482209399109706,0.0006521700700977817,0.0006505597620271146
1736,0.00064078030991368,0.000702287339954637,0.0006536956219933927
1737,0.0006442387198330834,0.0006690753001021222,0.0006519762619864196
1738,0.0006468486099038273,0.0006496949202846736,0.0006477538660401478
1739,0.0006488241202896461,0.0006502491398714483,0.000649378138128668
1740,0.0006437395000830293,0.0006732489401474595,0.0006503746859962121
1741,0.0006465672701597213,0.0006942815397633239,0.0006576787778176367
1742,0.0006499484600499272,0.00067943183996249,0.0006582901320653035
1743,0.0006522143899928779,0.0006552685797214508,0.0006534195758868008
1744,0.0006448468001326546,0.0006462328403722495,0.0006456747942138463
1745,0.0006502337602432817,0.0006977470504352823,0.000660352264298126
1746,0.000651992759667337,0.0006664402200840414,0.0006561066777212545
1747,0.0006545921199722216,0.0006564471201272682,0.0006556921360315755
1748,0.0006506786501267925,0.000664917110116221,0.0006537315739551559
1749,0.0006531532696681097,0.0006553002004511655,0.0006540193158434705
1750,0.0006558234500698745,0.0007229388400446623,0.0006703286720439793
1751,0.0006603581400122494,0.000673620940069668,0.0006639562080381438
1752,0.0006531718798214569,0.0006571176002034918,0.0006547725920099765
1753,0.000655982629978098,0.0006835279398364946,0.0006638061460107565
1754,0.0006583809002768248,0.0006749078602297232,0.0006629358561476693
1755,0.0006623484595911578,0.0007007768104085699,0.0006705326220253483
1756,0.000656735859811306,0.0006708635197719559,0.0006613539479440077
1757,0.0006585304398322478,0.0006623253901489079,0.0006605944039765745
1758,0.000661672200076282,0.000671307630254887,0.000664060031878762
1759,0.0006641061301343143,0.0007181191397830844,0.0006757455120095983
1760,0.0006564796698512509,0.000666309570078738,0.0006592651299433783
1761,0.0006617312901653349,0.0006633486499777063,0.0006626867358572781
1762,0.0006641663197660819,0.0006807290500728413,0.0006705210959771648
1763,0.0006670130300335586,0.0017872580204857512,0.0008918170941760763
1764,0.0006629850302124396,0.0007054709200747311,0.0006765807560877874
1765,0.0006656316894805059,0.000670058079995215,0.0006671066837152466
1766,0.0006680433999281377,0.0006781650299672037,0.0006706710119033232
1767,0.0006731914996635169,0.0007062903098994866,0.0006804908277699724
1768,0.0006651013897499069,0.0007316147600067779,0.0006796892180573195
1769,0.0006676880299346521,0.0006708899897057563,0.0006689947538543493
1770,0.000670056440285407,0.0006869471597019583,0.0006750334919197484
1771,0.0006745469599263742,0.0006846397399203852,0.0006782771699363366
1772,0.000667527990299277,0.0007024576398544013,0.0006766161379637197
1773,0.0006714592897333205,0.000719964180025272,0.0006832286739954725
1774,0.0006736574094975367,0.0006769714801339433,0.0006749193019932136
1775,0.0006776844698470085,0.0007087098696501925,0.0006852634997339919
1776,0.0006690696900477633,0.0007277467101812362,0.0006823235360207036
1777,0.0006740435695974156,0.0006881255703046918,0.000677653358085081
1778,0.0006765552697470411,0.000764216939569451,0.0006983721698634326
1779,0.0006790303101297468,0.0006813156796852127,0.0006797835000324993
1780,0.0006746135902358219,0.0006897024100180715,0.0006785094341030344
1781,0.0006790177599759772,0.0006820176501059905,0.0006804342120885849
1782,0.0006780557997990399,0.000684112980379723,0.0006821341840550304
1783,0.0006852596596581862,0.0006996640400029719,0.0006905681999633088
1784,0.0006773984798928722,0.0006811942195054144,0.0006793174658669159
1785,0.0006799679697724059,0.000731217369902879,0.000690933097852394
1786,0.000682823079987429,0.0008196663699345663,0.0007114447521744296
1787,0.0006857468298403546,0.0006880480400286615,0.000686540644033812
1788,0.0006803144700825214,0.0007068890199298039,0.0006859704080270603
1789,0.0006830902403453365,0.0006860300299013033,0.000684317693929188
1790,0.0006881328800227493,0.000742067500250414,0.0007099626939743758
1791,0.0006893917598063126,0.0006991962000029162,0.0006919232720974833
1792,0.0006811982701765373,0.0006844280799850822,0.0006822569620562717
1793,0.0006854994304012507,0.0007181146298535168,0.000693528600037098
1794,0.0006890367896994576,0.0007045148202450946,0.0006931386560900136
1795,0.0006904396601021289,0.0007311151101021096,0.0007013232579920441
1796,0.0006887468299828469,0.000720115770236589,0.0006958097881870344
1797,0.0006913665297906845,0.0006943191296886653,0.0006922395897563547
1798,0.0006938795401947573,0.0007490913802757859,0.0007062184320529923
1799,0.0006970472098328174,0.0006998698797542602,0.0006984953180653975
1800,0.0006900816498091445,0.0006905279698548838,0.0006902297058841213
1801,0.0006924927700310945,0.0007201806403463706,0.0006989816139684991
1802,0.0006957053299993277,0.0007098476198734716,0.0006993974659126251
1803,0.0006983577803475783,0.0007576614298159257,0.0007206973499851301
1804,0.0006930593703873456,0.000696243989514187,0.0006941714000422508
1805,0.0006956733495462686,0.0007021166401682421,0.0006973399999551475
1806,0.00069847326958552,0.0007107929099583999,0.0007012257399037481
1807,0.0007012707699323073,0.0007026139297522605,0.0007022507438668982
1808,0.0006937355798436329,0.0007317698904080317,0.0007045467080315576
1809,0.00069918853987474,0.0007124433101853355,0.0007047813199460506
1810,0.000700508049922064,0.0007044497696915642,0.0007026138678193092
1811,0.000702520229970105,0.0007363306899787858,0.0007115878839977085
1812,0.0007013438601279631,0.0007033698697341606,0.000702412437996827
1813,0.0007039869000436738,0.000705183990066871,0.0007043378421803936
1814,0.0007072785001946613,0.0007107400399399921,0.0007085738178575411
1815,0.0007094757200684399,0.0007688565901480615,0.0007224328541196882
1816,0.0007020915095927193,0.0007586378901032731,0.000714654554030858
1817,0.0007042576500680298,0.0007195543497800827,0.0007092017800314352
1818,0.0007068617199547589,0.0007123573799617588,0.00070836617203895
1819,0.0007108767499448732,0.0007235630694776774,0.0007140260537853465
1820,0.0007049872598145157,0.0007074272294994444,0.0007059434119146317
1821,0.0007078511000145227,0.0007489299803273752,0.0007197881041793153
1822,0.0007106508000288158,0.0007140574400546029,0.0007119083459256216
1823,0.0007139952300349251,0.0007170130498707295,0.000715604990022257
1824,0.000705521299969405,0.0007564824703149498,0.0007161517620552331
1825,0.0007109529396984726,0.0007264259498333558,0.0007147754137404262
1826,0.0007145957101602107,0.0007272729900432751,0.0007184160300530493
1827,0.0007163782499264925,0.0007255719602108001,0.0007185826781205833
1828,0.0007112789095845073,0.0007685705501353368,0.0007235362000064924
1829,0.0007143402902875096,0.0007342846097890287,0.0007193876799428836
1830,0.0007168098102556541,0.0007212595501914621,0.0007184471481014043
1831,0.0007190956897102297,0.0007368735101772472,0.0007234314059605823
1832,0.0007135418098187074,0.0007276515301782638,0.0007186960438266396
1833,0.0007173264399170876,0.0007544598798267543,0.0007252695678034798
1834,0.000718915740144439,0.0007247108197771013,0.000721605108003132
1835,0.0007235402899095788,0.0007261348300380633,0.0007243511081906035
1836,0.0007162681804038585,0.0007669437903678045,0.0007298563963267952
1837,0.0007204702403396368,0.0007255714799975976,0.0007222431279951707
1838,0.0007231230998877436,0.0007247438695048913,0.0007238441599765793
1839,0.0007258848601486534,0.000730324269970879,0.0007278223639586941
1840,0.0007179897802416235,0.0007322006800677628,0.0007226214540423826
1841,0.0007226304500363767,0.003153336700052023,0.0012154146180255337
1842,0.0007267112197587266,0.0008912094100378454,0.0007625968419015408
1843,0.0007283427001675591,0.000746818199986592,0.0007359066780190914
1844,0.0007243091001873836,0.0007278852502349765,0.0007257245141081512
1845,0.0007295627100393176,0.0007829306600615382,0.0007491272480692714
1846,0.0007300624100025743,0.000761562260449864,0.0007370565079618246
1847,0.0007332783896708861,0.000748337649856694,0.0007397041699150578
1848,0.0007281237602001056,0.0007664385403040796,0.0007362495780689641
1849,0.0007293553900672123,0.0007305931503651664,0.0007298647779971361
1850,0.0007319725799607113,0.0007339397800387815,0.0007330485080601648
1851,0.0007342422101646661,0.0007485407800413668,0.000738265372114256
1852,0.0007221480802400038,0.0017082242597825825,0.0009243436299730092
1853,0.0007327766297385097,0.0007687400095164776,0.000741248773992993
1854,0.000735854739905335,0.0007538484601536766,0.0007405487061478197
1855,0.0007397427497198805,0.0008299294603057206,0.0007645350220846012
1856,0.000731086689629592,0.0007342796301236376,0.0007322395000373945
1857,0.0007365860498975963,0.000775982829509303,0.0007454116399167106
1858,0.0007394954498158768,0.0007697267801268027,0.0007461652799975127
1859,0.0007416627201018855,0.0007439708401216195,0.0007430251101031899
1860,0.0007372372201643884,0.0007648559496738017,0.000745441084029153
1861,0.0007397503999527544,0.0007527612999547273,0.0007430817540735006
1862,0.0007422776200110093,0.0007447384297847748,0.0007430031279800459
1863,0.0007457825099118054,0.0007609120901906863,0.0007496574202086777
1864,0.0007410057698143646,0.0007997424300992861,0.000752985289786011
1865,0.0007422728900564835,0.0007777690101647749,0.0007503746200818569
1866,0.0007452279701828956,0.0007470721501158551,0.0007458863001083956
1867,0.0007479350303765387,0.0007674518297426402,0.0007560070502804592
1868,0.0007432057498954237,0.0007592817704426125,0.0007467328041093424
1869,0.0007463859702693299,0.0007835789100499824,0.0007608461461495608
1870,0.0007487648999085649,0.0007639098196523264,0.0007524346217978745
1871,0.0007528100104536861,0.000761766679934226,0.0007551466759759932
1872,0.0007439334399532527,0.0007789295696420595,0.0007515276059275493
1873,0.000749421279761009,0.0007506495201960206,0.0007499665140639991
1874,0.0007518193696159869,0.000755403219955042,0.0007535787458764389
1875,0.0007545306999236346,0.0007687101501505822,0.0007575558180687949
1876,0.0007497821201104671,0.0008496045198990032,0.0007732077699620277
1877,0.0007525753101799638,0.0009848116402281447,0.0008065480900695547
1878,0.0007559370499802754,0.000781182840000838,0.0007620245119323954
1879,0.0007593362702755257,0.0007885884802090004,0.0007660946700489148
1880,0.0007526259799487889,0.0007544485101243482,0.0007534743860596791
1881,0.0007554247899679467,0.0008036408998304978,0.0007652801838703453
1882,0.0007579491904471069,0.0007892435498069971,0.0007645352800609544
1883,0.000761349709937349,0.0007770964200608432,0.0007660879798932001
1884,0.0007570272998418659,0.0008108245104085654,0.0007766175861470401
1885,0.0007593008404364809,0.0007604471402009949,0.000759832956129685
1886,0.0007619894499657676,0.0007759987702593207,0.0007659039540449157
1887,0.0007658231502864509,0.0007674836798105389,0.0007663879798492417
1888,0.0007566622999729589,0.0008142671600216999,0.0007693598818732425
1889,0.0007628231396665797,0.0007998058904195205,0.0007714071040973067
1890,0.0007650491100503132,0.0007795014500152319,0.0007687657899223268
1891,0.0007677759003126993,0.000770340790040791,0.0007689812540775165
1892,0.0007631344796391204,0.000765000400133431,0.0007640059600817039
1893,0.0007662850501947105,0.0007958657498238609,0.0007773728520842269
1894,0.0007683505094610155,0.000769109099637717,0.0007687488577794284
1895,0.0007729985099285841,0.0007754418801050633,0.0007738471999764443
1896,0.0007661581900902093,0.0008133462903788313,0.0007759153239894659
1897,0.0007687001198064536,0.000784065030165948,0.000772224907996133
1898,0.0007712309597991407,0.0007852829399053007,0.0007753033540211618
1899,0.0007744505198206752,0.0007760223001241684,0.0007751528659136966
1900,0.0007696745899738744,0.0008255044999532402,0.0007934780599316582
1901,0.0007723134802654386,0.0007767458900343626,0.0007737838540924713
1902,0.0007745164196239784,0.0007762807398103178,0.0007754847278119996
1903,0.0007776690600439907,0.0008065442799124867,0.0007860722759505733
1904,0.0007687150797573849,0.0007861431600758806,0.0007731777239823713
1905,0.0007762338098837063,0.0008209926000563428,0.0007885809079743922
1906,0.0007782503997441382,0.0007800902600865811,0.0007790155180264264
1907,0.0007810357899870723,0.0008309358498081564,0.0007919198600575328
1908,0.0007765223196474835,0.0007852748298319056,0.000778962819953449
1909,0.0007792238600086421,0.0007815437001409009,0.00078036678803619
1910,0.000781335299834609,0.0007969169999705628,0.0007857099259272217
1911,0.0007850463798968121,0.003929719310253859,0.001578249715967104
1912,0.0007791444699978456,0.0007804447499802337,0.000779732408002019
1913,0.0007819674303755164,0.0008094065100885928,0.0007885561821749434
1914,0.0007841261598514393,0.0007856652699410916,0.0007847743019228802
1915,0.0007879956299439073,0.0008320648298831656,0.0007996334559284151
1916,0.0007829891698202118,0.0007973823801148683,0.0007867483320878818
1917,0.0007850028399843722,0.0007973166601732373,0.0007898708621505648
1918,0.000788907979731448,0.0008435829600784928,0.0008009685459546745
1919,0.0007922585896449163,0.0007938537996960804,0.0007929173719603569
1920,0.0007828854396939277,0.0007945044699590653,0.0007868845718912779
1921,0.000787949479999952,0.0007903853402240202,0.0007894606840563939
1922,0.000791344890021719,0.0007964735699351877,0.0007931439019739628
1923,0.0007938986405497416,0.0008511414402164519,0.0008062872382579372
1924,0.0007894017099170014,0.0008688181499019265,0.0008096796779427677
1925,0.0007916763500543312,0.0008022032195003703,0.0007949066858272999
1926,0.0007963355799438432,0.0007971168996300549,0.0007966340619605034
1927,0.0008005086804041639,0.0008435561298392714,0.0008123721482697875
1928,0.0007925915002124384,0.0007948167697759346,0.0007934628538787365
1929,0.0007954978197813034,0.0008421968098264187,0.0008054587359074503
1930,0.000797838779981248,0.0008799878001445904,0.0008148624079767615
1931,0.000801011580042541,0.0008168782002758234,0.0008055055560544134
1932,0.0007949632895179093,0.0008262772700982168,0.0008023037159582601
1933,0.00079853973002173,0.0008583721501054242,0.0008109700680943206
1934,0.0008016841596690938,0.000837227960000746,0.0008120020776987075
1935,0.0008049866004148498,0.0008063095202669501,0.0008057206821395085
1936,0.000796396670048125,0.000811186819919385,0.0008000540341017769
1937,0.0008013888995628804,0.0008092648995807394,0.0008048095137346535
1938,0.0008055021200561896,0.0008584812999470159,0.0008277069020550698
1939,0.0008071628300240263,0.0008077460096683353,0.000807542249909602
1940,0.0008026297501055523,0.0008039809198817238,0.0008031248319894076
1941,0.0008054516901029274,0.0008617064700229093,0.0008175482080550864
1942,0.0008096436498453841,0.0008110295800724998,0.0008102045940468087
1943,0.0008129709196509794,0.0008169718499993905,0.0008142652497626841
1944,0.0008057765598641709,0.0027773237199289723,0.001203919037943706
1945,0.0008075711195124313,0.0008268171298550442,0.0008126936078770086
1946,0.0008073750603944063,0.001145327789708972,0.0009253558220807462
1947,0.0008099663001485169,0.0008278230304131284,0.0008141624302370474
1948,0.0008059507299913093,0.0008062444604001939,0.0008060916661052034
1949,0.0008100075501715764,0.0008537797897588461,0.0008208047421649099
1950,0.0008124685200164095,0.0008255734900012613,0.0008154486118583009
1951,0.0008156894199782982,0.0008489864796865732,0.0008225922317942605
1952,0.0008061939303297549,0.0008066467597382143,0.0008063634799327701
1953,0.0008122996898600832,0.0008128146303351968,0.0008125920060556381
1954,0.0008155492099467665,0.0008240310399560258,0.000817451833980158
1955,0.0008167819597292692,0.0008760827902005986,0.000829672152060084
1956,0.0008117214194498957,0.0008411223598523065,0.0008184330898802726
1957,0.000815489679807797,0.0008162558905314654,0.0008158047221368178
1958,0.0008201053098309785,0.0008303809899371117,0.0008222981399158017
1959,0.0008235366700682789,0.0008263128501130268,0.0008245131960138678
1960,0.0008148386597167701,0.0008552274102112278,0.0008248974739108233
1961,0.0008181818597950041,0.0008187242498388514,0.0008184960939688608
1962,0.0008216358703793958,0.0008219667803496122,0.0008217442701570689
1963,0.0008251173194730654,0.0008555530704325065,0.0008315752240596339
1964,0.000819091490120627,0.0008520729996962473,0.0008298770139226689
1965,0.000822656590025872,0.0008333703799871727,0.0008265178400324657
1966,0.0008256369404261932,0.004683541790000163,0.0015980652581201865
1967,0.0008265438699163497,0.0008316293801181019,0.0008292145779123531
1968,0.000819446700043045,0.0008424477599328384,0.0008257160660577938
1969,0.0008257326699094847,0.0008488435298204422,0.0008350962299155072
1970,0.0008301602600840852,0.000869642139878124,0.0008489180339965969
1971,0.0008320333698065951,0.0008596967597259208,0.0008417288759956136
1972,0.0008260290900943801,0.0008508945495123044,0.0008392648858716711
1973,0.0008291800500592216,0.0008779643196612597,0.0008478166619315744
1974,0.0008335923997219652,0.0008539161499356851,0.0008398354520322756
1975,0.0008371813496341929,0.0008602337702177465,0.0008533852660330013
1976,0.0008282528101699427,0.0029693362797843293,0.001336937847896479
1977,0.0008346713200444356,0.0008879715797957033,0.0008465731658507138
1978,0.0008363799401558936,0.0008383130899164826,0.0008371079999487847
1979,0.0008384293899871409,0.0008707061898894608,0.0008467990380013361
1980,0.000835028060246259,0.0008388137700967491,0.0008360050199553371
1981,0.0008395286503946409,0.000891899109701626,0.0008536654679337516
1982,0.0008412218501325697,0.0008491389302071184,0.0008444980421336368
1983,0.00084420838044025,0.0008639210200635716,0.0008488890741718934
1984,0.0011287375004030765,0.001574465369922109,0.0013012466600630433
1985,0.0008424193999962881,0.001394563380163163,0.0011900556220207363
1986,0.0008452260197373107,0.0009074373403564096,0.0008670637420145795
1987,0.000849097580066882,0.0008755662600742653,0.0008550801160745324
1988,0.0008413578296313062,0.0008605052297934889,0.0008462959578027949
1989,0.0008454568003071472,0.0008773585199378431,0.0008532267458504066
1990,0.0008497021597577259,0.0010807187302270904,0.0009048343800241127
1991,0.0008538154599955306,0.0008584869001060725,0.0008554393720114604
1992,0.0008448150998447091,0.0008477446698816493,0.0008460791358957068
1993,0.0008476409502327443,0.0008984840003540739,0.0008589530341560021
1994,0.0008514015196124092,0.0008642651297850534,0.0008545965239172802
1995,0.0008543080103117972,0.0008805900503648445,0.0008615501380991192
1996,0.0008491801394848154,0.0009165226295590401,0.0008651637957664207
1997,0.0008509890403365717,0.0009058595303213224,0.0008644865441601724
1998,0.0008541166398208589,0.000855397490086034,0.0008547167179640382
1999,0.0008580927003640681,0.0008888129401020705,0.0008647007961990312
2000,0.0008493141399230808,0.0008595180901465937,0.0008520721020177007
2001,0.0008545002201572061,0.0008973161701578647,0.0008650953579926862
2002,0.0008572510199155659,0.0008595675602555275,0.0008583432998275385
2003,0.0008605836099013686,0.0009127963299397379,0.0008769294059602544
2004,0.0008555974799674004,0.0008575310197193176,0.0008563896459527313
2005,0.0008579669095342979,0.0008602978696580976,0.0008588033798150718
2006,0.0008626236999407411,0.000875976700335741,0.0008661973080597819
2007,0.0008669671404641122,0.0009279906598385424,0.0008827311261557043
2008,0.0008581077196868136,0.0011304892401676626,0.000919895431958139
2009,0.0008609595301095396,0.0008623809303389862,0.0008616187361767516
2010,0.000863341559888795,0.0008960104902507737,0.0008713320139795541
2011,0.000868020509951748,0.0008690383797511458,0.0008684194037923589
2012,0.0008625609200680628,0.0008998359699035063,0.0008732280380791054
2013,0.0008651208900846541,0.0008678611001232639,0.0008659682421712205
2014,0.0008680995105532929,0.0009224804199766367,0.0008798839180963114
2015,0.0008726479299366474,0.00087427198945079,0.0008733112599002198
2016,0.000862762060132809,0.0008752374502364546,0.0008659923740196973
2017,0.0008686297596432269,0.000924072980415076,0.0008803493600571527
2018,0.0008727135002845898,0.0009250353300012649,0.0008843505621189251
2019,0.0008738958602771163,0.0008922281698323786,0.0008779203360900283
2020,0.0008695965097285807,0.0009010385599685833,0.0008762974198907614
2021,0.0008719646098325029,0.0008736647199839353,0.0008726530700223521
2022,0.0008755246101645753,0.0009230024804128333,0.0008883378020254895
2023,0.0008781085105147213,0.0008818460500333458,0.0008798792720772326
2024,0.0008723991794977337,0.0009255635301815345,0.0008836915119318292
2025,0.0008752706099767238,0.0008768687199335546,0.0008759222760563717
2026,0.0008768915699329228,0.0008926408499246463,0.0008811376058729366
2027,0.0008814941497985273,0.0008861210098257288,0.0008830553258303553
2028,0.0008760466001695022,0.0009373061498627066,0.0008993672338547185
2029,0.0008791601698612795,0.0008840229600900784,0.0008808876880211756
2030,0.0008810690499376505,0.0009153703297488391,0.0008887986998306587
2031,0.0008864466700470075,0.0008959097601473332,0.000889313524006866
2032,0.0008769309701165184,0.0009201651799958199,0.0008941708740312606
2033,0.0008825390000129119,0.0008838536997791379,0.0008829064678866416
2034,0.0008864889200776815,0.0008898225100710988,0.0008873949921689928
2035,0.0008882596297189593,0.0009195890795672312,0.0008957781878998504
2036,0.0008833579701604321,0.0008843164198333398,0.0008838603899348526
2037,0.0008864757500123233,0.0009001065604388714,0.0008902042799163609
2038,0.0008905037801014259,0.002320938520133495,0.0012199774240143596
2039,0.0008951186097692698,0.0008993305102922022,0.0008967124680057169
2040,0.0008859544497681782,0.0008897082303883508,0.0008874965840950608
2041,0.0008888081600889564,0.0008993252803338692,0.0008918378780363127
2042,0.0008924209600081667,0.0009347749495645985,0.000911772899911739
2043,0.0008956101699732244,0.0009136434196261689,0.00090020199585706
2044,0.0008902257302543148,0.000928324029664509,0.0008995492840185762
2045,0.0008933064399752766,0.0009169307100819424,0.0008987987340660766
2046,0.0008966352196875959,0.0009262776700779795,0.0009030439060879872
2047,0.0009006255801068619,0.0009064487199066207,0.0009021876201732084
2048,0.0008894894103286788,0.003985596210113727,0.0015095241840463133
2049,0.0008916560799116269,0.0009373844298534096,0.0009066512360004709
2050,0.0008960950904292986,0.0009336620097747072,0.0009049749539699406
2051,0.0008992579404730349,0.0009016380895627662,0.0009004379982361571
2052,0.0008956725697498769,0.0009364721301244572,0.0009110917660873384
2053,0.000898446140345186,0.0009021938894875348,0.0009001235440373422
2054,0.0009016410697950051,0.0010308141598943622,0.0009382808599621058
2055,0.0009072234603809192,0.0009226080600637942,0.0009111241799546405
2056,0.0008984906994737685,0.0009294668899383396,0.0009057085098465905
2057,0.000900596419814974,0.0009593593800673262,0.0009126069459598511
2058,0.0009050629602279514,0.0009565454302355647,0.0009178034421056509
2059,0.0009075595199828967,0.0009175389498705045,0.0009104264558991417
2060,0.0009013727999990805,0.0009404169401386753,0.0009103631459875031
2061,0.0009033905802061781,0.0009206872800132259,0.000909558950108476
2062,0.0009058930299943313,0.0009359351301100105,0.0009146593540208415
2063,0.0009116083697881549,0.0009201879397733137,0.0009138810217846184
2064,0.0009020666201831773,0.0009565311297774315,0.0009160028640180825
2065,0.0009081981197232381,0.0009100494999438524,0.0009090112241683529
2066,0.0009126824903069064,0.0009426620800513775,0.0009190661981701851
2067,0.0009139246604172513,0.0009793772298144177,0.0009274806219618768
2068,0.0009101444494444877,0.0009660479601006955,0.0009227550718933344
2069,0.0009136245801346376,0.0009161070198751986,0.0009146430660039187
2070,0.0009161570901051164,0.0009505114599596708,0.0009244440979091449
2071,0.000921334049780853,0.0009247093199519441,0.0009226235660025849
2072,0.0009111956000560895,0.000957802869961597,0.0009242032740730792
2073,0.0009146623394917697,0.000946513120434247,0.0009220185138983652
2074,0.0009179634402971715,0.0009520487196277828,0.0009285089159384371
2075,0.0009211797203170136,0.0009252197004389018,0.0009231054780539126
2076,0.0009154000401031226,0.0009181029704632237,0.000916234326083213
2077,0.0009134345396887511,0.0024688352399971337,0.0012347906739450993
2078,0.0009210572502342984,0.0009237813297659159,0.0009219383799936622
2079,0.0009258245601085946,0.0009439432597719133,0.0009324164780555293
2080,0.0009161948401015252,0.0009189009899273515,0.0009169017178937793
2081,0.0009222982998471707,0.0009911375498631969,0.000936379195889458
2082,0.0009262990800198167,0.0009288021503016352,0.0009277729940367861
2083,0.0009280706197023392,0.0009799275401746854,0.0009392919919919222
2084,0.0009242911898763851,0.000927514280192554,0.00092533305415418
2085,0.0009282113501103595,0.000956139659974724,0.0009381853441009297
2086,0.0009310863801511005,0.0009323364595184103,0.0009317139679333196
2087,0.0009357308701146394,0.0009950129501521588,0.0009550239579984918
2088,0.0009260086802532897,0.0009273106598993763,0.0009266253081150353
2089,0.0009288546798052267,0.0009384124196367338,0.0009312436558539048
2090,0.0009321292501408607,0.0009404801001073792,0.0009340535780647769
2091,0.0009365753398742527,0.0010098709404701366,0.0009545456359628588
2092,0.0009295112296240404,0.0009341739601222798,0.000931506098015234
2093,0.0009331066004233435,0.0009884594904724508,0.0009451268860138952
2094,0.0009359515801770613,0.0009369484998751432,0.0009365263059735298
2095,0.0009401445096591487,0.0009539717697771267,0.0009461305158911272
2096,0.0009308965201489627,0.0009889202000340448,0.000946551154134795
2097,0.0009366068302188069,0.0009899828396737575,0.0009474503020755946
2098,0.0009398873196914792,0.0009429788700072095,0.0009410119579406455
2099,0.0009423837799113244,0.000973939910181798,0.0009497957238927483
2100,0.000938924640067853,0.0009417309699347242,0.0009398983399150892
2101,0.0009421810699859634,0.00095468741026707,0.0009485136379953473
2102,0.0009459249000065028,0.0009542177501134574,0.0009489522320218384
2103,0.0009500428999308497,0.0010016454703873023,0.0009637542701093481
2104,0.0009403961902717128,0.0009483738499693572,0.0009425090800505131
2105,0.0009432928502792492,0.0009592062199953944,0.0009474689580965788
2106,0.0009462722996249795,0.001007715910091065,0.0009697037099394947
2107,0.0009502321999752894,0.0009637348703108728,0.0009539474281482399
2108,0.0009442829299950973,0.000975800990127027,0.0009535826580831781
2109,0.0009469672199338675,0.0009494981402531266,0.0009480432841228322
2110,0.0009479966800427064,0.0009522470599040389,0.0009502650360809639
2111,0.000954089310253039,0.0009583848499460146,0.0009556042921030894
2112,0.0009438030899036675,0.0009940996597288176,0.0009545552040217444
2113,0.0009518144303001464,0.0009531199099728837,0.0009524681599577889
2114,0.0009544198797084391,0.0009685109200654551,0.0009603763320483267
2115,0.0009572962200036272,0.0010187822999432683,0.000974274821812287
2116,0.0009530873299809173,0.0010084954102057963,0.0009643804000224918
2117,0.0009575752902310342,0.0009656727797118947,0.0009599102820502595
2118,0.0009593242697883398,0.0009732017200440169,0.0009623490239027887
2119,0.0009650139603763819,0.0009785483800806105,0.0009682863800553606
2120,0.0009546093398239464,0.0010365441802423448,0.0009717067498713732
2121,0.0009578554704785347,0.0009598112403182313,0.0009589749902952462
2122,0.0009610659099416807,0.0009636546298861504,0.0009621788839576765
2123,0.0009643124300055206,0.0009666551102418452,0.0009653632519766688
2124,0.0009586906497133895,0.0010167869494762272,0.0009764285999117418
2125,0.0009620842395815999,0.0010215423203771934,0.000983971128007397
2126,0.0009666984400246292,0.0012239264900563284,0.0010189117359695955
2127,0.0009682683896971866,0.0009718618803890422,0.0009696221619378776
2128,0.0009590948402183131,0.0009616201504832134,0.0009600447959965095
2129,0.000965183160151355,0.0010351939895190299,0.000979807898052968
2130,0.0009683670499362052,0.0009801931399852038,0.0009713141320971772
2131,0.0009703989396803081,0.001039915000437759,0.0009875778399873526
2132,0.0009678160201292485,0.0009760279202600941,0.0009699852841440588
2133,0.0009711132198572159,0.0010037298803217709,0.0009783254221547395
2134,0.0009744100400712341,0.0010303688200656324,0.0009860621178522705
2135,0.0009789426997303962,0.001010442620026879,0.0009857304737670347
2136,0.0009699599898885936,0.0009841111302375794,0.0009744279100559652
2137,0.0009720799402566627,0.0010244090197375044,0.000985931053874083
2138,0.000976268479716964,0.001168006199877709,0.0010171275140019133
2139,0.000979891479946673,0.0010202902503078804,0.0009886485720053315
2140,0.0009734469099203125,0.0009866799600422383,0.0009771223579300569
2141,0.0009754198900191113,0.0009805692901136353,0.0009773045941255988
2142,0.0009790979797253386,0.0010361279302742333,0.000994825019966811
2143,0.0009837618097662925,0.002214081410202198,0.001230455794138834
2144,0.0009730368998134509,0.0010050681902794168,0.0009817010440165176
2145,0.0009793665597680956,0.0009889707900583744,0.0009819222018122673
2146,0.000983073899988085,0.0010432965797372163,0.0009967652019113303
2147,0.000985711520188488,0.0009969881101278587,0.000988741490058601
2148,0.0009822484804317354,0.0010365407000062987,0.0009935015199007465
2149,0.0009855993901146576,0.0010014803695958107,0.0009911580980988218
2150,0.0009878982597729192,0.0009973283798899502,0.0009901371919550002
2151,0.000993037630105391,0.0010457016003783792,0.0010040209783473983
2152,0.0009833415196044372,0.0023054521903395652,0.0012773472940316424
2153,0.0009880801499821245,0.0010031890700338407,0.0009964144559344277
2154,0.0009895316103938968,0.000994660970172845,0.0009918033920694141
2155,0.0009930752502987162,0.0010479985398706049,0.0010057252681581305
2156,0.0009872929897392169,0.0010165338695514946,0.000993937623919919
2157,0.0009919031901517883,0.0010272606398211792,0.0010026235199766234
2158,0.0009939812798984348,0.001023387869936414,0.00100041355995927
2159,0.0009978038398548961,0.001001189220114611,0.0009986187879694626
2160,0.0009879376197932288,0.0009954060398740694,0.0009902382359141485
2161,0.0009942104498622938,0.0013181934598833322,0.001060323219979182
2162,0.0009975860902341083,0.001028076079674065,0.001004913062090054
2163,0.0010014951397897675,0.0010806207900168373,0.0010180583918699994
2164,0.0009963460097787901,0.0010653064301004633,0.0010113257640041412
2165,0.0009995748999062925,0.00100064326019492,0.0009999963340815157
2166,0.0010038294503465295,0.0010418726102216168,0.001011898142285645
2167,0.0010075975203653797,0.0010136307397624479,0.0010099118460202591
2168,0.0009990887698950247,0.0011235292500350624,0.0010251833481015637
2169,0.001000827219686471,0.0010200406302465126,0.001005724356044084
2170,0.0010043269203742966,0.00106359020981472,0.0010170643100282178
2171,0.0010079450201010331,0.00102030388021376,0.0010109694281127304
2172,0.0010032244701869786,0.0010045337700285018,0.0010038507580757143
2173,0.0010054636502172798,0.0010381606395822019,0.001012543517863378
2174,0.0010081290104426443,0.0010214282904053107,0.0010115204001776876
2175,0.0010125184000935406,0.001067239090334624,0.0010238361180527136
2176,0.0010019599198130892,0.001015843650093302,0.0010056411219993605
2177,0.0010087292600655929,0.0010127641202416272,0.0010105664101429284
2178,0.0010121763200731948,0.001045905210194178,0.0010199102602200583
2179,0.0010170098498929292,0.0010738099395530298,0.001028775408049114
2180,0.001012027329998091,0.0010291921900352464,0.0010192365639377387
2181,0.0010152999102137983,0.0010200585902202875,0.0010165942721068859
2182,0.0010186092305229976,0.0010407989396480843,0.0010233676199568435
2183,0.0010230258002411575,0.0010238081199349836,0.001023366554058157
2184,0.0010129196202615276,0.0010539146600058301,0.001021530302008614
2185,0.0010173588298493996,0.001055975920171477,0.0010263454481028022
2186,0.0010203464596997946,0.0010227803001180292,0.0010216122280107811
2187,0.0010227059404132887,0.0010733555199112744,0.0010334930641110987
2188,0.0010171438800171018,0.0016314021497964859,0.001140684375888668
2189,0.0010198821901576593,0.0010329845797969028,0.0010237825301010162
2190,0.0010236443299800157,0.0010394373600138352,0.0010276219319785014
2191,0.0010279954399447888,0.0010599285404896365,0.00103480608004611
2192,0.0010177505505271256,0.0010610016796272247,0.0010295961500378324
2193,0.0010233929200330748,0.0010256205999758094,0.0010247556942049414
2194,0.0010267638595541939,0.0010547243099426852,0.0010339712240966035
2195,0.0010324020497500897,0.0010354391898727043,0.0010336137580452486
2196,0.0010267556400503962,0.0010938744497252628,0.0010411063219653443
2197,0.0010297530895331875,0.0010883243096759543,0.0010434411579044536
2198,0.0010330403700936587,0.0010649255797034129,0.0010409182739676908
2199,0.0010379983199527488,0.0010728192498208956,0.0010453988839872182
2200,0.0010277528001461178,0.0010373244696529583,0.0010304126117844134
2201,0.001029660950298421,0.001055189449689351,0.0010363692300161347
2202,0.0010341606702422724,0.001039226709981449,0.0010363970500184224
2203,0.0010384923598030582,0.0010707699903286993,0.0010455770960543305
2204,0.001031526240403764,0.0010340286005521193,0.001032299770275131
2205,0.0010347364697372542,0.001085364400059916,0.001046122801839374
2206,0.0010379547503544017,0.0010963723697932437,0.0010594066381454468
2207,0.0010421103204134852,0.0010440233000554144,0.0010429757301462813
2208,0.0010319337202236057,0.0010641389997908845,0.001039635165943764
2209,0.0010390958900097758,0.0010493742395192385,0.0010421720618614928
2210,0.0010409694100962951,0.0010565935005433858,0.0010455023280810565
2211,0.0010444987297523766,0.001059709390392527,0.0010490551240509376
2212,0.0010410788597073407,0.0010850958101218566,0.0010506891439436004
2213,0.0010446246399078518,0.0010973690898390487,0.001056712495861575
2214,0.0010473601100966334,0.0010484811500646174,0.0010477267981041222
2215,0.0010515363299055025,0.0011092617799295112,0.0010742919918848202
2216,0.001042957750032656,0.0010458347998792306,0.0010440707979723811
2217,0.0010443462600233033,0.0010959517501760274,0.0010554998002480715
2218,0.0010486381995724514,0.0010535588697530328,0.0010501147496979684
2219,0.001053003440028988,0.0010942919895751402,0.0010680535279680044
2220,0.00104640859994106,0.0010616147296968847,0.0010506621800595894
2221,0.0010507576202508063,0.001052289210492745,0.0010516092721372843
2222,0.0010535031103063375,0.0011069011699873954,0.0010674027440836654
2223,0.0010578415199415758,0.0011144154600333423,0.0010821036580018698
2224,0.0010467994498321786,0.0010648543998831883,0.0010515800578286872
2225,0.0010539399698609485,0.0010575834300834686,0.001055575339938514
2226,0.001056559639982879,0.0010604867100482806,0.0010581608400680124
2227,0.0010619374603265896,0.0011056832602480426,0.0010771848121657968
2228,0.0010559649299830198,0.001068440399831161,0.001059302020003088
2229,0.0010600039799464867,0.001077944320277311,0.0010650480119511485
2230,0.0010636526299640536,0.001066375210066326,0.0010648505841381849
2231,0.0010678465699311345,0.00112212123000063,0.001079145911964588
2232,0.001058025039965287,0.0012075041100615635,0.0011013757900800556
2233,0.0010603025800082833,0.0011491164600010962,0.0010791052340064198
2234,0.0010636015702039003,0.001120797560433857,0.0010758399200858548
2235,0.0010675545898266136,0.0010693530703429132,0.0010683242959203198
2236,0.0010626693500671537,0.0011058603698620572,0.0010749465600820257
2237,0.0010649597400333732,0.0010927181801525876,0.0010708238340448588
2238,0.0010688136401586234,0.0010839341400424019,0.001072455952060409
2239,0.0010730685101589187,0.0011087168502854183,0.0010811971579678355
2240,0.0010604768100893126,0.0010635883902432397,0.0010622764742001891
2241,0.0010689250304130838,0.0010999481298495084,0.0010758955301716922
2242,0.0010719846800202504,0.0010735949297668412,0.0010727606000145897
2243,0.00107715881022159,0.0011285990796750412,0.0010879278799984604
2244,0.0010716689802939073,0.001100738929817453,0.001079813263961114
2245,0.001075154420104809,0.0011125559703214095,0.0010833377961535005
2246,0.0010781980800675228,0.0010944737598765641,0.0010820496960077435
2247,0.0010831888596294448,0.0010933412896702065,0.001086028043879196
2248,0.001073245300212875,0.0011255066702142357,0.0010848614401184023
2249,0.00107703601999674,0.0011319860798539594,0.001093771167914383
2250,0.0010787428100593388,0.0010917726799380034,0.0010844374779844655
2251,0.0010824961395701394,0.0011360142001649366,0.0010937122919131071
2252,0.0010769191500730813,0.0010856306500500069,0.0010808303540106863
2253,0.0010797459998866544,0.0011174950702115894,0.0010963493558811025
2254,0.00108276620041579,0.0011000802798662335,0.0010869724361691623
2255,0.0010881996003445239,0.001097463599871844,0.0010905782980844378
2256,0.0010773690196219832,0.001128793859970756,0.001088483807980083
2257,0.0010839119501179085,0.0021764023596188052,0.0013090021999087186
2258,0.0010874835500726476,0.0011101042298832908,0.001095415161922574
2259,0.0010926117101917043,0.0011474284098949284,0.0011044763239333407
2260,0.0010872207401553169,0.001088856830028817,0.0010877602900145574
2261,0.001090911680366844,0.0011491889000171795,0.0011107874700101092
2262,0.0010937938099959865,0.0011141944403061644,0.0010982783160870895
2263,0.0011006183497374877,0.0011254969297442585,0.0011114526299061255
2264,0.001089733480475843,0.0011424882197752595,0.0011011092119151728
2265,0.0010909623000770808,0.0011550640600034967,0.0011047368579311296
2266,0.001093707989784889,0.0011250978801399469,0.001100840631988831
2267,0.0010979944199789315,0.0011787437397288159,0.0011143904858035966
2268,0.0010916895896662027,0.0011235949001275002,0.0011013368498533963
2269,0.0010955159703735261,0.001124684870010242,0.0011028906957944854
2270,0.001097055859863758,0.0010999288997845724,0.0010988832938019187
2271,0.0011034831905271858,0.0012231262400746346,0.0011340187781024723
2272,0.001092769110109657,0.0011114518000977115,0.0010976696719881148
2273,0.0011005407699849457,0.0011155084701022133,0.0011044728241395205
2274,0.001103425120236352,0.0035788399603916333,0.0016024538821075112
2275,0.0011047956196125596,0.0011626904201693833,0.0011171671820338815
2276,0.0011018223594874144,0.0011029190698172897,0.0011023223358206451
2277,0.0011064988997532056,0.0011465493403375149,0.0011222229540580884
2278,0.00110940347018186,0.0011110809404635802,0.0011102796121267601
2279,0.0011145443300483748,0.0011392672499641776,0.0011201733441557735
2280,0.0011036635801428929,0.0011377828998956829,0.0011111047519370913
2281,0.0011061299598077313,0.003061929830000736,0.0014976409740047529
2282,0.0011096798104699701,0.0011351716401986778,0.0011189027021173388
2283,0.0011132093303604053,0.0011157553002703936,0.0011143703461857512
2284,0.00110745292971842,0.0011087481898721307,0.0011080957798985766
2285,0.0011101485195104033,0.0011256785504519938,0.00111394413607195
2286,0.0011140181799419225,0.0011164085502969102,0.0011148111901711673
2287,0.0011187813599826768,0.0011481872102012858,0.0011283335998887195
2288,0.0011084498098352924,0.0011603513703448698,0.001119375252048485
2289,0.0011141860502539202,0.0011721674096770586,0.0011264248319203035
2290,0.0011169873300241307,0.001144653619849123,0.0011235205620760097
2291,0.0011214694101363421,0.0011284933297429234,0.00112315163994208
2292,0.0011174873198615386,0.0011372787301661446,0.001121858695987612
2293,0.0011228579201269895,0.0011634270998183637,0.0011334539199015126
2294,0.001124237819458358,0.001127241890062578,0.0011255052878987044
2295,0.001129836310283281,0.0011443376599345357,0.0011329692479921504
2296,0.001118776840157807,0.0011779340298380702,0.0011313708641100674
2297,0.0011219310597516596,0.0011824391299160198,0.0011358794460538777
2298,0.0011252589395735412,0.0011581640399526804,0.0011330659837694838
2299,0.0011303898697951808,0.0011319330899277702,0.0011310053758788853
2300,0.0011233460099902004,0.0011764066998148338,0.0011341921099228785
2301,0.0011263255402445794,0.0011542871402343735,0.0011327879420714453
2302,0.0011288903997046873,0.0011886937700910493,0.0011442127439659088
2303,0.001135681780287996,0.0011634655500529334,0.001142311497940682
2304,0.001123242070316337,0.0011758295900654047,0.0011371927781729028
2305,0.0011304630199447275,0.0011334566900040954,0.0011315672340570016
2306,0.0011327888403320685,0.004114141520112753,0.0017329628941370177
2307,0.0011366193299181758,0.0011921756400261074,0.0011489637942286208
2308,0.0011325305403443054,0.0011340208700858056,0.0011331456080079078
2309,0.0011373369896318763,0.0011791458498919382,0.001154358525876887
2310,0.0011396902799606324,0.0011690927000017836,0.001148888779920526
2311,0.0011446743499254808,0.0011609422299079597,0.001150010125944391
2312,0.0011343318701256067,0.0011921337101375685,0.001148806963930838
2313,0.0011375329998554661,0.0011962086200946942,0.0011501221660291776
2314,0.001140681520337239,0.0011710505298106,0.0011484012299915775
2315,0.0011446644895477221,0.0012004398100543766,0.0011565841879928485
2316,0.0011384069599444046,0.0011556260602083057,0.001142482332070358
2317,0.0011419154400937259,0.0011845592100871727,0.0011572650780435653
2318,0.0011453672300558537,0.0011769820697372778,0.0011525138401193545
2319,0.0011499844305217265,0.0011536090401932596,0.0011511470101540908
2320,0.0011388838803395628,0.0012034648505505174,0.0011550526603823527
2321,0.0011459819099400193,0.0012053375696996227,0.0011594469898846
2322,0.0011494218604639172,0.0011705842602532357,0.0011550800641998648
2323,0.0011548286199104041,0.001189955569570884,0.0011646917598554865
2324,0.001149138420005329,0.0011519574699923396,0.0011501483260653914
2325,0.0011525256000459194,0.0012027578800916671,0.0011663722140947356
2326,0.0011566191498422996,0.0011584734299685806,0.0011577652919804679
2327,0.0011604240594897419,0.0011655878799501807,0.0011618415659759194
2328,0.0011504531797254457,0.0011792178399628029,0.0011564436120679602
2329,0.0011533304100157693,0.0012094477401115,0.0011709995080018416
2330,0.0011567101400578395,0.0014280841400614009,0.0012157256299396978
2331,0.001160624480107799,0.001217220079852268,0.0011725783520378172
2332,0.0011540876503568142,0.0011646128399297594,0.0011564789462136103
2333,0.0011576614400837571,0.0012267105601495131,0.0011775665001478046
2334,0.0011606838501757011,0.00122559801035095,0.001174263166030869
2335,0.0011656947596929968,0.0011816279200138524,0.001169324423884973
2336,0.0011543994699604809,0.001180285950540565,0.0011607190340291707
2337,0.0011606319900602103,0.0012224116700235753,0.0011791945160366595
2338,0.0011643914401065559,0.001166091540362686,0.0011650831062579527
2339,0.0011677821102784947,0.0012155196798266843,0.001178567143972032
2340,0.0011640701402211562,0.0011973667499842122,0.0011725131538696588
2341,0.0011667610303265975,0.0012086999998427927,0.0011765775659587235
2342,0.0011713172402232886,0.0012001768400659784,0.0011775659359991551
2343,0.0011750137602211908,0.0011779632198158651,0.00117610549996607
2344,0.0011659023095853627,0.0011984913499327376,0.0011745059860404582
2345,0.0011692864703945816,0.0012337695702444762,0.001189255856210366
2346,0.0011718344100518153,0.0011786266998387873,0.001174232626101002
2347,0.0011777732201153413,0.001229174470063299,0.0011889484020648526
2348,0.001170112850377336,0.001201418120181188,0.001177074118168093
2349,0.0011739280901383608,0.0012146257003769279,0.0011825902240816504
2350,0.0011772815999574959,0.0011957678000908344,0.0011819292600266636
2351,0.0011825123196467758,0.0012154819100396708,0.0011893704619724303
2352,0.0011699309601681308,0.002309000539826229,0.0013995576980523766
2353,0.0011761688103433699,0.001206835750490427,0.0011867748741060495
2354,0.0011799544899258763,0.0012456658197334035,0.0011935143118025735
2355,0.001184096040087752,0.0011908469500485808,0.0011865903720026836
2356,0.0011800769000547006,0.0012218023702735082,0.0011950257399585098
2357,0.0011847780598327516,0.0011999460199149325,0.0011914370199665428
2358,0.001187109099701047,0.0011998373997630552,0.0011906342859147117
2359,0.0011914952704682946,0.0012449322204338387,0.0012032116601476445
2360,0.0011817116400925443,0.0012134325597435236,0.0011885235119843856
2361,0.0011865216796286403,0.0012683063000440598,0.0012034211319405584
2362,0.001190362079651095,0.001225332830217667,0.0012014074879698456
2363,0.0011929819401120768,0.0012238424003589898,0.001199955552117899
2364,0.0011856479500420391,0.0012264320999383926,0.001194725755834952
2365,0.0011902704800013453,0.0013095924101071432,0.0012210761938476935
2366,0.0011931519099744037,0.0011964693601476028,0.0011939870521891862
2367,0.0011979773797793315,0.0012230280600488185,0.001207425827975385
2368,0.0011860358103876934,0.0012448103801580145,0.001206545856082812
2369,0.001192365629831329,0.001197146939812228,0.0011935675439890474
2370,0.0011962710303487255,0.001246920580160804,0.0012071653743041678
2371,0.00119979795999825,0.0012398273398866878,0.0012080729599110783
2372,0.0011971455096499994,0.0012479647499276324,0.001207993783755228
2373,0.0012006337405182422,0.0012287638400448487,0.0012073767981491984
2374,0.0012036601599538699,0.001232804770115763,0.0012101848861202596
2375,0.0012082036200445146,0.0012678875302663073,0.0012209560519549996
2376,0.0011977245996240527,0.0012249797000549734,0.001206591083901003
2377,0.0012014840502524748,0.0012518910301150753,0.0012119510240154341
2378,0.0012038355198455974,0.0012149564898572861,0.0012066866339882835
2379,0.0012097775301663206,0.001254725970211439,0.001225450004101731
2380,0.0012022839701967313,0.001229622489772737,0.0012082798499614
2381,0.0012055259599583223,0.0012200794799719005,0.001208871976006776
2382,0.0012099625199334695,0.0012398974999086932,0.001216542541864328
2383,0.0012141369399614633,0.0012713584600714967,0.0012324253719998525
2384,0.0012023948098067194,0.0012091312900884077,0.0012040681979851799
2385,0.0012091393797891215,0.0012392752198502421,0.0012198990220203996
2386,0.001212265960057266,0.0012434384995140136,0.0012196477317484096
2387,0.0012160185998072847,0.0012607176799792797,0.0012254496519453824
2388,0.0012100405798992143,0.0012255281198304147,0.0012144620879553259
2389,0.0012129096902208402,0.0012747230898821726,0.0012258413619128986
2390,0.0012169962399639189,0.002280435459688306,0.0014362871998455375
2391,0.001222978129517287,0.0012639010400744156,0.0012339992800261825
2392,0.0012126269395230339,0.0012663877598242835,0.0012256479058414698
2393,0.0012162000499665738,0.0012195480504306033,0.0012172608841210604
2394,0.0012205651903059334,0.001265373170026578,0.0012358047901652753
2395,0.0012251721898792311,0.001253442419692874,0.001232608531950973
2396,0.0012174842500826343,0.0012200090498663484,0.0012185737760737538
2397,0.001222718270146288,0.00128509518050123,0.0012353988261893391
2398,0.001224867569981143,0.001284090749686584,0.0012431234199320898
2399,0.0012300031195627526,0.0012443134101340547,0.0012333957100054249
2400,0.001218234350089915,0.0012470021995250136,0.0012246809438802302
2401,0.0012261347501771524,0.0012529846897814422,0.0012316809359472244
2402,0.0012293796497397124,0.0012715108401607721,0.0012410348518751562
2403,0.0012328522600000725,0.0012478191399713978,0.0012395899220136925
2404,0.0012285045202588662,0.0012838822696357966,0.0012399009561631829
2405,0.001231446479796432,0.0012955491303000598,0.001247779994038865
2406,0.001235956969903782,0.0012367955094669013,0.001236434143851511
2407,0.0012411498196888715,0.0013437342096585781,0.0012624305378412827
2408,0.0012301675998605789,0.0012610019103158265,0.0012405332961352542
2409,0.0012328536802669987,0.0012747424299595878,0.0012421370019437745
2410,0.001237222119816579,0.0013926712604006753,0.0012714404800208286
2411,0.0012423587800003588,0.0012987335200887174,0.001254999339929782
2412,0.001237909260089509,0.0012945951701840387,0.0012528947440441696
2413,0.0012376637000124902,0.0012695031298790127,0.0012446090700104831
2414,0.001242094059707597,0.0012769429601030425,0.0012501695537939668
2415,0.001246929549961351,0.0012485350796487182,0.001247420825995505
2416,0.0012349669402465225,0.0012769782997202129,0.0012489608959294855
2417,0.001242250599898398,0.0012670332804555074,0.0012503861681325361
2418,0.0012457245099358261,0.0012492371199186892,0.0012474403580417857
2419,0.0012488215399207548,0.001284175079781562,0.0012565212179906668
2420,0.0012449773401021957,0.001451974090305157,0.001303826124058105
2421,0.0012496114597888663,0.0012512030598009006,0.0012503185099922121
2422,0.00125255951017607,0.0013060543197207152,0.0012646940880222247
2423,0.0012574451201362536,0.001283842620323412,0.0012636144481366501
2424,0.0012463312403997407,0.0012874752201605588,0.0012609115920495242
2425,0.001249002580298111,0.0012620245199650526,0.0012523786780657246
2426,0.0012544931698357687,0.0013026202999753878,0.0012699750600149856
2427,0.001258325150120072,0.0013151323900092394,0.0012760035960236564
2428,0.0012496793799800798,0.0012531231599859894,0.0012508432019967587
2429,0.001255273760179989,0.0012879933998920024,0.0012623674920760094
2430,0.0012581705302000046,0.001285677450359799,0.001268876704038121
2431,0.001262744650011882,0.0013034170801984146,0.0012714164140634238
2432,0.0012510536302579567,0.001285014920285903,0.0012585568260401487
2433,0.0012576109799556435,0.0013080292596714571,0.0012687378699192777
2434,0.001261047919979319,0.0018727468198630958,0.0013871716158464552
2435,0.0012653810903429986,0.001292982809827663,0.0012720224601216613
2436,0.0012599013897124677,0.0012632756598759442,0.0012611322420416399
2437,0.001263503150548786,0.001266228819731623,0.0012647885319311172
2438,0.001269049440161325,0.0013122487696819007,0.0012835391659755258
2439,0.0012730683595873415,0.0013020736101316288,0.0012792957400670276
2440,0.001261892279726453,0.0013136018998920918,0.0012728548517916352
2441,0.0012657864502398297,0.002577027739607729,0.0015286469239508733
2442,0.001272556459880434,0.0012803102197358385,0.001276658003916964
2443,0.0012760359898675233,0.00130583550024312,0.0012824884819565342
2444,0.001267991730128415,0.001274537660065107,0.001270132973906584
2445,0.001270426349947229,0.001314206329989247,0.0012863415699684991
2446,0.0012742340803379192,0.001304076350061223,0.0012811676680576057
2447,0.0012794057902647182,0.0013319892098661512,0.0012976058161584662
2448,0.001267255929997191,0.0043033042299794036,0.0018747076680883767
2449,0.0012725406396202742,0.0013557247194694354,0.0012912539578974246
2450,0.0012786645902087912,0.0013086673599900678,0.0012850068201078102
2451,0.0012813728902256116,0.0012854228902142496,0.0012824426162987947
2452,0.001277101410087198,0.0012959627801319585,0.0012820875722682104
2453,0.0012821362598333507,0.001401471529970877,0.0013093526419252156
2454,0.0012859740300336852,0.0013258506101556122,0.001294507202110253
2455,0.0012896552501479163,0.0013044101395644247,0.0012935864699538796
2456,0.0012803695996990428,0.0013200620404677467,0.0012885951920179651
2457,0.0012827353103784843,0.0013450257101794705,0.0012960266660666092
2458,0.0012853205000283197,0.0013277112401556225,0.0012941856959369034
2459,0.001291373419808224,0.0013318217202322557,0.0013082350220065563
2460,0.0012836870102910325,0.0013169450999703258,0.0012908213140908628
2461,0.0012872520601376891,0.001337213110527955,0.0012976538280490787
2462,0.0012908327899640425,0.0013520725799025968,0.0013036975919967517
2463,0.0012962675699964166,0.0013237902399851008,0.001302722935914062
2464,0.001285427799448371,0.0013366439397213981,0.0012995651118690148
2465,0.0012904583703493698,0.0012913348601432516,0.0012908799540018662
2466,0.0012940304598305374,0.001335065829916857,0.0013024937600130215
2467,0.0012977775698527693,0.0013109635905129834,0.0013014895180240272
2468,0.0012955003103706985,0.0013242281402926891,0.0013045372141059488
2469,0.0012985648796893657,0.0013564511499134823,0.0013107371600344776
2470,0.0013017306500114501,0.0013144450000254436,0.0013046637560473755
2471,0.0013066731300204993,0.0013385194400325417,0.0013141881140181794
2472,0.0012957914895378054,0.0013126001099590212,0.0013004188159247859
2473,0.0012996430898783728,0.0013420013600261881,0.0013114544841228053
2474,0.0013035441702231765,0.001317900739959441,0.0013071861158823594
2475,0.0013076965400250628,0.0013693656900431962,0.0013201581600587816
2476,0.0013000205298885703,0.0013132952101295814,0.0013032096399692818
2477,0.0013038804597454146,0.0013366386300185695,0.0013114256139378994
2478,0.001307633559918031,0.0013589757098816336,0.001318509751930833
2479,0.0013127969700144604,0.0013150416599819437,0.001313437193981372
2480,0.0013010337203741074,0.0013410405098693446,0.0013156591281294823
2481,0.0013066004600841552,0.0013359343900810926,0.0013132100738584996
2482,0.0013113080098992214,0.0013582676602527499,0.0013210973059758543
2483,0.001314379090326838,0.0013155193702550606,0.0013149400340626016
2484,0.001311134760035202,0.001324632050236687,0.0013146218181354925
2485,0.0013159286801237612,0.0013599235302535818,0.0013277690800605343
2486,0.0013182982901344077,0.0013301109202438965,0.0013214176760520785
2487,0.001324943780200556,0.0013775180699303745,0.0013385196141898633
2488,0.0013114210497587918,0.0013227157003711909,0.0013142162460135296
2489,0.0013162917899899186,0.0013487254595384002,0.0013261825498193504
2490,0.0013193762995069847,0.0013784061395563185,0.0013312696679495274
2491,0.0013246810401324183,0.0013271616696147249,0.001326022549998015
2492,0.0013173045800067484,0.0013664371200138702,0.0013280609520152213
2493,0.0013177869596984236,0.0018846388603560625,0.0014396285940892993
2494,0.0013218032597796991,0.0013638201000867412,0.0013306659238878638
2495,0.0013266759196994826,0.0013530700298724696,0.0013341434098547325
2496,0.0013138379296287895,0.0013473218202125282,0.0013226840579882264
2497,0.0013212073303293438,0.0013920984801370651,0.001336234052083455
2498,0.0013242787099443376,0.001334780959878117,0.001326512782019563
2499,0.0013287790899630637,0.0013568914099596442,0.001334471769980155
2500,0.0013256050099153072,0.0013326630502706394,0.0013271739861229434
2501,0.0013290034799138084,0.001378954469691962,0.0013399032958550379
2502,0.0013334463501814752,0.0013539161602966487,0.0013382930702064185
2503,0.0013376931904349476,0.001366892359801568,0.0013452129820361734
2504,0.0013265660003526137,0.0013864660199033097,0.0013414014659356326
2505,0.0013308027997845785,0.001521048470167443,0.0013690315999556333
2506,0.001334424699889496,0.001367775839753449,0.0013447762418072671
2507,0.0013388216804014518,0.00134563239000272,0.0013408889659913257
2508,0.0013304558297386393,0.0013720951799768954,0.0013402174680959434
2509,0.0013339826301671564,0.0013902632502140477,0.0013456170882564038
2510,0.0013373190094716847,0.0013656588399317115,0.001344015381997451
2511,0.001342580079799518,0.0014023952302522958,0.0013568521501729266
2512,0.001330504860379733,0.00136016839009244,0.0013382983981864527
2513,0.0013384567195316778,0.0013681139703840017,0.0013451278439024464
2514,0.0013451005198294296,0.0013568267901428045,0.0013505149220582097
2515,0.0013491284498013557,0.0013898632500786334,0.0013598289800575004
2516,0.0013420122599927709,0.0013486373296473174,0.0013435799760045484
2517,0.0013458352303132414,0.001374515049974434,0.0013518572461325676
2518,0.0013497235899558291,0.0013649226597044616,0.0013558193498756736
2519,0.0013552539399825036,0.0013570129498839379,0.001355750567978248
2520,0.0013427280099131166,0.0013757815200369805,0.0013493942760396747
2521,0.0013461405294947326,0.0013539409299846738,0.0013482026538113132
2522,0.0013504060701234266,0.0013917727302759887,0.0013625843181507662
2523,0.0013553724001394585,0.0013569552899571136,0.0013559474119683728
2524,0.001347119549755007,0.0013771982496837154,0.0013533255398506298
2525,0.001351141759660095,0.002922595550189726,0.0016826881138840692
2526,0.001355001390329562,0.0013895111298188568,0.0013651614520931617
2527,0.001360322260297835,0.0013612120796460659,0.0013606183358933776
2528,0.0013475243496941403,0.0013615229300921782,0.0013519226439530029
2529,0.001351653149467893,0.0013675297697773204,0.0013576890538679436
2530,0.0013616542500676588,0.0013925186602864415,0.001369590220041573
2531,0.0013653357297880575,0.0014250061102211475,0.0013776171419303865
2532,0.0013588838797295466,0.0014386291097616777,0.0013766729899216442
2533,0.0013628627901198342,0.0013936285296222194,0.0013691814319463447
2534,0.0013671476999297738,0.0013824752101209016,0.001370478059980087
2535,0.001368409669958055,0.001379692829796113,0.0013731254040030762
2536,0.0013601694494718686,0.0014807500701863319,0.0013857906418852507
2537,0.0013631857396103442,0.0013918530504452064,0.0013704062059987335
2538,0.0013690237503033132,0.0014274187100818381,0.0013811384979635476
2539,0.0013724778301548212,0.0013835823599947616,0.0013751108640572055
2540,0.0013640892499824986,0.0013949892099481076,0.0013706186900380999
2541,0.001368917520157993,0.0013858513702871278,0.0013726858420995997
2542,0.0013720336800906808,0.0014154915296239778,0.0013829226699890568
2543,0.0013776378700276837,0.0013845108903478831,0.0013794331961544232
2544,0.0013642502605216579,0.001397677159984596,0.0013711872281273827
2545,0.0013724280596943573,0.001382799629936926,0.0013761308600660413
2546,0.0013791081099770964,0.001388538780156523,0.0013814442422008142
2547,0.0013834570097969845,0.001412674729945138,0.001389743479900062
2548,0.0013759978202870116,0.001382494950084947,0.0013778603660175577
2549,0.0013797818997409194,0.001423557520029135,0.0013918809279566632
2550,0.0013842477096477524,0.0013885462400503458,0.0013852715538814665
2551,0.0013892975897761063,0.0014209995203418658,0.001396108375978656
2552,0.001376769969938323,0.0014335160196060316,0.0013900263679679481
2553,0.0013806397002190352,0.0014135716599412262,0.0013874177420511841
2554,0.0013846506900154053,0.0013936285400995986,0.001387092954129912
2555,0.0013900948996888474,0.0014167908002855256,0.0013971301398705692
2556,0.0013818869303213433,0.001420892169699073,0.0013933746279217302
2557,0.0013852014596341178,0.001422128890408203,0.001392777406028472
2558,0.0013891810900531708,0.0013918572501279414,0.0013904323001625017
2559,0.0013962815899867564,0.0014071937900735066,0.001400296670035459
2560,0.0013811791903572156,0.0014115195395424962,0.001387508008047007
2561,0.001389412860153243,0.0013980093103600666,0.0013912636362947524
2562,0.0013971950201084838,0.0014385868899989872,0.0014060317298863084
2563,0.0014000373805174604,0.001412459320272319,0.0014045562101528048
2564,0.0013930054701631889,0.0014244289899943397,0.0014011145500699058
2565,0.0013973660999909044,0.0014640284900087864,0.0014124709580792115
2566,0.0014012917299987748,0.0014020748500479386,0.0014016722179949284
2567,0.0014041453000390902,0.0014200784300919622,0.0014091208638856187
2568,0.0013945602299645543,0.0014034615602577106,0.0013982082620495931
2569,0.0013974364701425657,0.0014568786101881415,0.0014110779039328918
2570,0.0014014612801838667,0.0014043551398208365,0.0014023476500296965
2571,0.0014072079199831933,0.0014388601802056656,0.0014140582400141283
2572,0.0013986340101109817,0.0014579983096336946,0.0014122039501089604
2573,0.001402337639592588,0.0014323624898679554,0.0014085356198484077
2574,0.001406375970109366,0.001419913720455952,0.0014093284062109887
2575,0.0014121055899886414,0.001452363200369291,0.0014223748481599614
2576,0.0013998919399455189,0.0014517758099827915,0.0014111878818366677
2577,0.001406387840397656,0.0014473098696907982,0.0014150640920270233
2578,0.0014143769902875648,0.001474229270243086,0.0014305195159977301
2579,0.0014173630997538567,0.0014248017501085996,0.0014197088340297342
2580,0.0014099547103978694,0.0014390925702173264,0.0014179766461020337
2581,0.001414615780231543,0.0014215041196439415,0.0014161919059697539
2582,0.0014196100598201156,0.0014624281198484823,0.0014301835499936715
2583,0.0014238967397250234,0.001426005779649131,0.0014247223858255894
2584,0.0014118053304264322,0.001442666809889488,0.0014185581079218536
2585,0.0014150310802506284,0.0016833249799674376,0.0014744653140660376
2586,0.0014188515202840791,0.001449861970031634,0.0014255571260582656
2587,0.0014236868999432772,0.001424750739824958,0.0014241923058871178
2588,0.0014177398598985745,0.0014190021599642933,0.0014181899020913988
2589,0.0014199689100496472,0.0014603391202399508,0.0014298311419552192
2590,0.0014234263997059315,0.0014535731700016186,0.0014315055259503423
2591,0.0014290800702292472,0.001485563419992104,0.0014412559600314124
2592,0.0014158384402981029,0.0014226867200341075,0.0014177425662055612
2593,0.0014242983399890363,0.0014549955201800912,0.0014331786619732156
2594,0.0014325333194574342,0.0014618325600167736,0.0014417298778425902
2595,0.0014346352301072328,0.0014744885900290683,0.0014429340400965885
2596,0.001427737150224857,0.0014293939695926383,0.0014284802419133485
2597,0.001432126330328174,0.0014645162102533504,0.0014392252361867578
2598,0.0014365167199866845,0.0014991345297312364,0.0014537243999075144
2599,0.0014420068002073095,0.0014692348596872763,0.0014477331000380218
2600,0.001429112800396979,0.0014368210401153193,0.0014310198141029105
2601,0.0014332651405129582,0.0014402070001233369,0.001435031582135707
2602,0.0014365029300097377,0.0014775771199492737,0.001448584728059359
2603,0.0014425816695438699,0.0014735156996175647,0.0014493376458995044
2604,0.0014337143203010782,0.002586503980564885,0.0016660475021926687
2605,0.0014372358203399926,0.0014385897800093517,0.0014378473319811747
2606,0.001441660259733908,0.001461409930489026,0.0014457259421469643
2607,0.0014473710599122568,0.0014851224794983865,0.0014555794479092583
2608,0.0014355029101716355,0.0014758447802159936,0.00144823989411816
2609,0.001441581979743205,0.0014535570802399888,0.0014445567920338361
2610,0.0014488529897062107,0.0015120859199669213,0.0014708318120101468
2611,0.0014514492201851681,0.0015316730597987771,0.0014704239739803597
2612,0.0014462698600254953,0.0014551396295428276,0.001449858201900497
2613,0.0014492529898416252,0.001461269250139594,0.001453965764143504
2614,0.0014541921601630746,0.0014954015897819773,0.0014629932041279972
2615,0.0014594003302045167,0.0015822354599367826,0.0014884480739710852
2616,0.001446885839686729,0.0014776554401032627,0.0014540192938875406
2617,0.0014498389000073076,0.001507524520275183,0.0014659472999628634
2618,0.0014552596502471716,0.0014870538300601765,0.0014631442440440879
2619,0.0014598678302718327,0.0014608100400073454,0.0014601817961083726
2620,0.0014511093602050096,0.0014592596096917986,0.0014559456079732626
2621,0.0014551571098854765,0.0014988086000084877,0.0014674654280534016
2622,0.001458964829798788,0.0014870848396094517,0.0014664628916652874
2623,0.0014643763698404654,0.0015204226097557693,0.0014762423378415406
2624,0.0014515509101329371,0.001458734089974314,0.0014539508799789474
2625,0.001459096350008622,0.0015032958000665531,0.0014691549659473823
2626,0.00146846656978596,0.001475278579746373,0.0014698925738921389
2627,0.0014714002097025514,0.001513524689944461,0.001483720371965319
2628,0.0014628938102396205,0.0014647610101383179,0.0014639158479403704
2629,0.0014686390501447023,0.0015285358898108824,0.0014887641079258172
2630,0.0014721195702441037,0.0014800648501841352,0.0014749353782972322
2631,0.0014777314802631736,0.0015078312600962818,0.0014837838521925733
2632,0.0014651501597836613,0.0014810427802149206,0.0014707234640372918
2633,0.0014687643200159072,0.0015102175797801465,0.0014775092998752372
2634,0.0014720807399135082,0.0014778048696462065,0.0014736408637836575
2635,0.0014777010498801247,0.0015161893103504554,0.0014855342580704018
2636,0.001471892679692246,0.0081196966097923,0.006358709559892305
2637,0.001471942420466803,0.0014796621596906334,0.0014743270260514692
2638,0.0014761231100419536,0.0015108368900837376,0.0014832425599452107
2639,0.0014805400394834578,0.0018372505600564182,0.0015561921580228954
2640,0.0014686971600167452,0.001498621620121412,0.0014759097460191697
2641,0.0014767480996670202,0.0014871431101346388,0.0014791426121955737
2642,0.0014836597500834615,0.0014997956401202827,0.0014910252679837866
2643,0.0014873591798823327,0.0015292546601267532,0.0014976605559932068
2644,0.0014814313797978684,0.0015114562201779336,0.001489946258137934
2645,0.0014841803698800505,0.0015412283095065503,0.001497633821796626
2646,0.0014885638403939084,0.001491017990047112,0.0014897379700560122
2647,0.0014942756103118883,0.0015208296600030735,0.0014999061861308291
2648,0.0014813978702295572,0.0015041553799528629,0.0014860930659342558
2649,0.0014852703001815826,0.0015279588097473606,0.0014969413820654152
2650,0.001490086150006391,0.001519641340128146,0.001496470749960281
2651,0.0014950399502413347,0.0015537763596512378,0.0015097442959668115
2652,0.0014869397901929914,0.0015012592502171174,0.0014920706099364907
2653,0.0014903830405091868,0.0015188504598336295,0.0014976970021380112
2654,0.0014942765299929305,0.001501879550050944,0.0014963274500332771
2655,0.001500049509922974,0.0015447064000181853,0.0015104756699874998
2656,0.0014862483798060565,0.0014942128799157216,0.0014884504079818723
2657,0.0014945734199136496,0.001551544609828852,0.0015124719759915023
2658,0.0015004105400294066,0.0017762387602124363,0.0015577411741251126
2659,0.0015059916803147643,0.001537076760432683,0.0015147807522444055
2660,0.0014984407200245187,0.0015065306302858516,0.0015004862200003117
2661,0.0015024322696262971,0.0015448253200156614,0.0015115820799255744
2662,0.001505081569775939,0.006188878370448947,0.0024522576261078936
2663,0.0015119001700077206,0.0015701536904089153,0.0015251514801057054
2664,0.0014988241501851006,0.0015064925100887194,0.001500761735951528
2665,0.001503771540010348,0.0015322599996579812,0.0015095698499353603
2666,0.0015071420499589295,0.0015143059100955725,0.001510124325985089
2667,0.0015128205699147656,0.0015464056900236756,0.0015203646700829268
2668,0.001504427389591001,0.001532216559862718,0.0015101149040274322
2669,0.0015083659498486667,0.0015636747103417292,0.0015225045380648223
2670,0.0015126972098369151,0.0015212350495858117,0.0015170536797959357
2671,0.001517907469533384,0.0015485006698872895,0.0015243881358765064
2672,0.0015043761499691755,0.0015123975300230085,0.0015064405361190439
2673,0.0015124783798819408,0.0015518174698809161,0.0015239957958692685
2674,0.0015198068000609056,0.001548516449984163,0.0015274466241244227
2675,0.0015240541100502013,0.0037011329899542035,0.0019609310461673884
2676,0.0015180022799177095,0.0015216152503853663,0.0015197195440996437
2677,0.0015205546095967293,0.0015511381800752133,0.001529540343908593
2678,0.0015248997998423873,0.0015324741002405062,0.0015275646559894085
2679,0.0015303861699067056,0.001549620989826508,0.0015371596039040014
2680,0.0015175043197814375,0.0015466523601207881,0.001525536559871398
2681,0.0015220416599186137,0.0015809103997889906,0.0015370351119199767
2682,0.0015264045901130885,0.0016091152100125327,0.0015446001219097524
2683,0.001530939019867219,0.001560971779981628,0.0015371588639682158
2684,0.0015222206502221525,0.0015375131700420752,0.0015268002201337368
2685,0.0015264874004060403,0.0015667677100282163,0.0015360686180647463
2686,0.0015303745598066597,0.0016530123504344375,0.0015620646718889474
2687,0.0015354608895722776,0.006264127509784885,0.002481672611902468
2688,0.001519966690102592,0.0015517273801378905,0.0015272939180722461
2689,0.0015309314196929335,0.00153863844985608,0.0015349044918548317
2690,0.001537181279854849,0.0015793805796420202,0.0015461224919417873
2691,0.0015417869400698692,0.0015535576594993472,0.0015462684999220074
2692,0.0015341577399522067,0.0015652193798450754,0.001540573304053396
2693,0.0015386568097164855,0.0015973482403205707,0.001552175422082655
2694,0.0015429372899234295,0.0015718644502339884,0.0015489712841808795
2695,0.0015481196198379621,0.0015625431702937932,0.0015526004539569839
2696,0.0015360874100588263,0.0015383578301407397,0.0015367028240580113
2697,0.001538908529910259,0.0015441344399005174,0.0015402263440191745
2698,0.0015433489897986874,0.0015706570999464021,0.0015512657639337704
2699,0.001549106939928606,0.0016039475600700826,0.0015622680020751431
2700,0.001540337689802982,0.0015708077402086928,0.0015489158378913998
2701,0.0015441913896938786,0.0015508943796157836,0.0015457010717364029
2702,0.0015483298996696248,0.0015612931904615834,0.0015510664598550647
2703,0.0015544764697551726,0.001601135290111415,0.001563898437889293
2704,0.0015402800199808553,0.0015690763399470598,0.0015476516198832543
2705,0.0015501134900841862,0.0016077690297970548,0.0015659586779074746
2706,0.001557110229623504,0.0015884098800597712,0.0015637168259127066
2707,0.0015600615803850815,0.0015660992596531287,0.0015613613439491019
2708,0.0015525585098657758,0.001553599099861458,0.0015530065258499235
2709,0.0015569948696065694,0.0016058692097431048,0.0015714682037942112
2710,0.0015610496199224145,0.001589629149530083,0.0015671643798705192
2711,0.0015661680500488728,0.0016224892297759651,0.0015794983520172536
2712,0.0015537397103616967,0.001581468759686686,0.0015594206460518762
2713,0.0015584285301156343,0.0015750385395949707,0.001564436077955179
2714,0.0015638501703506336,0.0016074222599854692,0.0015755974700441585
2715,0.0015677537600276993,0.001574885650188662,0.001569326305994764
2716,0.0015585374797228724,0.0015895373903913423,0.001568728624144569
2717,0.0015628745499998331,0.0016218982596183196,0.0015768544158199804
2718,0.0015669037803309038,0.0015976611303631216,0.0015733017560560256
2719,0.0015730902302311734,0.0015799295500619336,0.0015745590300066396
2720,0.001560364449978806,0.0015996850898955016,0.0015712938960641622
2721,0.0015670608094660566,0.0016314502799650655,0.0015803672497859225
2722,0.0015741360699757935,0.0016327674599597231,0.001595770339947194
2723,0.0015782499604392796,0.0015934735501650721,0.0015839039201382549
2724,0.001571382749825716,0.0016014159901533275,0.0015777187299681826
2725,0.0015754810901125894,0.0015816857799654826,0.0015770612620981408
2726,0.0015801188099430874,0.0016299988597165793,0.0015920819778693842
2727,0.0015848145401105285,0.0015954679198330267,0.0015871722520096228
2728,0.0015725750505225732,0.001637293910025619,0.001591680438024923
2729,0.001574621780309826,0.0018483061203733086,0.0016305217540357262
2730,0.001580108240013942,0.0015964919299585746,0.0015836700520012528
2731,0.0015850178396794945,0.001592137020197697,0.0015872004659613595
2732,0.0015756317699560896,0.0016305384604493156,0.0015869394961046054
2733,0.0015791197004728019,0.001609803219907917,0.0015853944921400398
2734,0.0015837789600482211,0.0016422700800467283,0.0015983045881148427
2735,0.001589944660081528,0.0015969324798788876,0.0015917309501674026
2736,0.0015755081700626762,0.0016047696204623207,0.0015815886240452526
2737,0.001584553619613871,0.0015962842700537295,0.0015901061478070914
2738,0.0015921644499758258,0.001633696630015038,0.0016007932220818474
2739,0.0015952663996722548,0.0016254017199389638,0.0016015870919218287
2740,0.0015877910796552896,0.008792182740289717,0.003407806357950903
2741,0.0015865220298292115,0.001588067749980837,0.0015875174660468475
2742,0.0015932968503329903,0.0016283069498604164,0.001600930036045611
2743,0.0016019654198316858,0.0016261278698220848,0.001610255327890627
2744,0.0015891108004143463,0.0016210052301175893,0.0015958186702337118
2745,0.001593508700025268,0.002637195800198242,0.0018060376100474968
2746,0.001596599500044249,0.001625969929737039,0.001604929957888089
2747,0.0016031991998897866,0.0016115035896655172,0.0016068771100835873
2748,0.001593940340098925,0.0016380160296102985,0.0016136051940266044
2749,0.0015978421200998128,0.001610320830368437,0.0016019894881173966
2750,0.0016028712602565065,0.0035450723400572313,0.00199962410016451
2751,0.0016083036200143397,0.0018227717996342108,0.0016769754961133004
2752,0.0015945557999657467,0.0016634909098502248,0.0016154221999458971
2753,0.001603408000082709,0.0016179424204165115,0.0016085455360589549
2754,0.0016063285002019256,0.0017313084402121603,0.0016414139381377025
2755,0.001610760850016959,0.0016410087601980193,0.0016170500200241803
2756,0.0016027260001283139,0.007370856269844807,0.0027594379319343717
2757,0.0016078294796170666,0.0016167740401579068,0.001610377763863653
2758,0.001615850850357674,0.0016461535700364037,0.0016245366301154717
2759,0.001620707560214214,0.0016482479602564126,0.0016263840961037203
2760,0.0016070777695858852,0.0016358018200844527,0.0016149805198656397
2761,0.00161095641029533,0.001670469469972886,0.0016243111199000851
2762,0.0016165750101208686,0.001768621610244736,0.001647455048165284
2763,0.0016214294300880283,0.0016528301499783994,0.0016318985919933765
2764,0.0016126658697612583,0.0016146227199351415,0.0016139069859636948
2765,0.0016168995498446748,0.001666151270037517,0.0016278173797763882
2766,0.0016205118200741707,0.0016292154497932643,0.0016225174020510168
2767,0.0016268433298682794,0.001682191909640096,0.0016464964097831398
2768,0.0016123524599242955,0.0016132262296741828,0.0016127748197177424
2769,0.0016210499504813924,0.0016510780801763758,0.0016273929942399261
2770,0.0016259398398688063,0.001636832549702376,0.0016285147820599376
2771,0.0016319664800539613,0.0016787097201449797,0.0016415724380640314
2772,0.0016241497703595087,0.001635963040171191,0.0016269253020873293
2773,0.001629353419994004,0.001658251479966566,0.0016377145539736375
2774,0.0016326245496748016,0.0016407270805211737,0.0016344671121332796
2775,0.0016391756298253313,0.0016680336301214992,0.0016451224618358538
2776,0.0016211763798492029,0.001631096330238506,0.0016251577300718054
2777,0.001629895240184851,0.0016363188199466094,0.0016315578019712122
2778,0.001633743219426833,0.0016898042999673635,0.0016454434059560298
2779,0.0016403675597393885,0.0016712644597282633,0.0016473239079350607
2780,0.0016309864801587538,0.0016425751597853378,0.0016353498179232703
2781,0.0016349600901594385,0.0016715808102162554,0.0016444464520318433
2782,0.0016399125003954396,0.0016868859302485361,0.0016498541940236464
2783,0.0016461104596965015,0.0016536765202181413,0.0016491608179640023
2784,0.0016312874801224099,0.0017003968899371102,0.0016520415040431544
2785,0.0016394254699116572,0.0016458895098185166,0.0016413939240155742
2786,0.001643581609823741,0.0016741806699428706,0.0016499962379457431
2787,0.0016480006300844251,0.00165808557998389,0.0016502179499948398
2788,0.0016409681201912463,0.0016885320504661649,0.0016507671680301428
2789,0.001643049800186418,0.0016592885396676138,0.0016478826319798827
2790,0.001652769959764555,0.0017090038699097932,0.001671949654002674
2791,0.0016591692896327005,0.0016706842399435119,0.0016647917039226742
2792,0.0016448547504842282,0.0016731392900692298,0.0016525022779824213
2793,0.0016459849698003382,0.0016551011602859945,0.0016495388699695468
2794,0.0016529140801867471,0.0016635121597209945,0.0016572515279985964
2795,0.0016598251299001277,0.0017156689101830126,0.00167711199587211
2796,0.0016496837802696973,0.0019053850596537814,0.0017014283899916337
2797,0.0016544337995583192,0.0016721208696253598,0.0016597594037884849
2798,0.00165840873029083,0.0016812602803111076,0.0016662434061290696
2799,0.0016650512802880257,0.0017100486200070009,0.001677315070061013
2800,0.0016501548798987641,0.0016557974403258414,0.0016514633159385994
2801,0.0016591690498171374,0.0016901797702303157,0.0016681872819317503
2802,0.0016641345794778317,0.0016747391800163314,0.0016681978699052704
2803,0.001668147350428626,0.0016830101003870368,0.001671261428273283
2804,0.0016596558102173731,0.0016697652899893,0.0016632777518825605
2805,0.0016671478096395732,0.0016683387797093018,0.001667590901837684
2806,0.001671533880289644,0.0017308296298142523,0.0016850789161399007
2807,0.0016777823300799354,0.0017085185402538627,0.0016877434861380606
2808,0.001663246380048804,0.0016900918196188287,0.001669888403848745
2809,0.0016676862398162485,0.0016953691898379474,0.0016735753319226207
2810,0.0016721759998472407,0.0017195124900899828,0.0016817986340029165
2811,0.0016785129002528266,0.0016867125197313727,0.0016820080841425805
2812,0.0016688258800422772,0.003026591920061037,0.0019917603520443663
2813,0.0016730328102130443,0.001678985430044122,0.0016745125041343271
2814,0.0016777889296645298,0.0017071449296781793,0.0016861673039384188
2815,0.0016835654398892075,0.00172846659028437,0.0016956444481620564
2816,0.0016705196001566946,0.0016786957602016627,0.0016738442042842506
2817,0.0016779192502144723,0.0017533175804419444,0.0016935176542028786
2818,0.001681669349782169,0.001756133580347523,0.0017025907400529832
2819,0.001685917970025912,0.0016934029798721896,0.001688258521957323
2820,0.0016789171198615803,0.00170986148994416,0.0016852789499098436
2821,0.0016851502400822937,0.0018040750198997557,0.0017209872779203577
2822,0.0016906337102409452,0.001697159269824624,0.0016923159619327635
2823,0.0016954392299521714,0.0024842540198005735,0.0018614055420039222
2824,0.0016831163899041711,0.0016969107900513336,0.0016877409319858996
2825,0.001686823630006984,0.0017165616998681798,0.0016945255940081553
2826,0.0016922158299712464,0.0017329077201429755,0.0017031074539991097
2827,0.0016980927000986412,0.0017198915395420045,0.001706003103987314
2828,0.0016881837701657786,0.0017588847398292272,0.0017089233819860966
2829,0.0016925321600865574,0.0016970001900335774,0.0016936185540398583
2830,0.0016965390299446882,0.0017069535702466964,0.0017002634659875186
2831,0.0017029676103265956,0.0017319722700631247,0.0017113702121423556
2832,0.0016880249202949925,0.0017338669899618253,0.0016974110499722883
2833,0.0016963763895910234,0.001704364230390638,0.0016985352820483967
2834,0.0017004878504667431,0.001769101140089333,0.001720747320097871
2835,0.0017052142496686428,0.0017122428299626334,0.0017067404978442936
2836,0.0016967699798988178,0.0017245100100990384,0.0017030533198267223
2837,0.0017043111805105581,0.0017446026299148799,0.001715716434060596
2838,0.0017100932798348367,0.0017171387700363994,0.0017130128639983012
2839,0.0017166381602874026,0.0017756656097481028,0.0017343345441622657
2840,0.0017019081598846242,0.0017168186797061934,0.0017066252019722016
2841,0.0017063901002984494,0.0017093909601680933,0.0017076586700277402
2842,0.0017100756900617852,0.001736207909998484,0.0017154775500530378
2843,0.0017171085701556876,0.0017576046095928177,0.001729286535875872
2844,0.0017074426700128243,0.0037195541802793742,0.0021132296741707248
2845,0.0017111772496718914,0.0017380684602539987,0.0017167547339340672
2846,0.0017161210300400854,0.0017230525403283535,0.0017177654780680313
2847,0.0017218566394876689,0.0017474872502498328,0.0017322895940160379
2848,0.0017068120697513222,0.0017496269301045687,0.0017169927459908647
2849,0.0017155069700675084,0.0017236074001993984,0.0017176371440291403
2850,0.0017211011203471572,0.0017783295101253317,0.0017409093719907107
2851,0.0017238460102817043,0.0017401857301592826,0.0017274245540611446
2852,0.001715549619984813,0.0024166733596939593,0.0018634189598960803
2853,0.0017229844199027867,0.00176291630952619,0.0017351894257590175
2854,0.001727348740096204,0.0017656946700299158,0.0017365654398454355
2855,0.0017312136403052137,0.0019372253702022136,0.0017787348240381104
2856,0.0017198599898256362,0.0017642476101173087,0.0017351510579464956
2857,0.0017229555099038407,0.001753468189854175,0.0017291513340314851
2858,0.0017279368499293923,0.0017316059296717868,0.0017291992097161711
2859,0.0017344012000830844,0.0017834071099059657,0.0017471526638837532
2860,0.0017243339802371339,0.0017843767500016839,0.0017381451700348408
2861,0.0017275614303071051,0.007383852299535647,0.0028666827019769698
2862,0.0017330100195249542,0.0017649379698559643,0.0017419979597907513
2863,0.0017399921099422498,0.0017808266403153538,0.0017519323342712599
2864,0.0017249025503406302,0.0017322641296777875,0.0017268864960642532
2865,0.0017338964994996786,0.0017905177403008566,0.0017530877660028635
2866,0.0017367903399281204,0.0017437948699807748,0.0017390659978846086
2867,0.0017426536901621148,0.0017518952902173624,0.0017447527659824116
2868,0.0017365919501753525,0.0017657249298645183,0.0017443557719234379
2869,0.0017402945697540418,0.0017793193296529353,0.001749995891819708
2870,0.0017455453996080906,0.001810010009794496,0.0017603595019318164
2871,0.0017513369198422879,0.001782742629875429,0.0017578710438683628
2872,0.0017375214799540118,0.0017444958700798452,0.0017399090480757877
2873,0.0017415602301480248,0.0017712176602799445,0.001754578773980029
2874,0.0017462047596927732,0.001784374649869278,0.0017555163839133455
2875,0.0017529079195810482,0.0017623905802611262,0.0017578108420129867
2876,0.001743275200133212,0.0028520320996176453,0.001971985609969124
2877,0.0017479730199556798,0.0017619358201045542,0.001753078167908825
2878,0.0017522395798005165,0.001785411590244621,0.0017590814520372078
2879,0.0017586587299592794,0.001807579979649745,0.0017762729359092192
2880,0.0017440683796303346,0.0017792371398536488,0.001752788046025671
2881,0.001753307869657874,0.001808408559882082,0.001772370531922206
2882,0.0017579557100543752,0.0018068284803302958,0.0017712569960858671
2883,0.0017641081899637356,0.00179659413988702,0.001771285615861416
2884,0.0017569329298567026,0.00176538399013225,0.0017601352081401274
2885,0.0017613799002720043,0.0018967674596933647,0.0017926531799603255
2886,0.0017655411502346396,0.0018209383700741454,0.0017843976560980082
2887,0.0017721866199281067,0.0017839624301996082,0.0017751594239380209
2888,0.001758010130142793,0.0017709873302374035,0.0017622229320695623
2889,0.0017633031401783229,0.0017909676500130446,0.0017697551160817965
2890,0.0017680935404496268,0.0017761616199277342,0.0017707099200924858
2891,0.001772540509700775,0.0018386606295825913,0.0017899573598988353
2892,0.0017621510202297942,0.0017911262903362512,0.0017685348981758581
2893,0.0017687501001637429,0.0017746524297399446,0.001770695069921203
2894,0.001771485970239155,0.0018104764504823833,0.0017797159820329398
2895,0.0017782735801301897,0.0018180608202237635,0.0017883370821364223
2896,0.001762915159924887,0.0017696077103028073,0.0017649435360217465
2897,0.0017710683500627056,0.003715040180250071,0.002168001656071283
2898,0.0017753995198290795,0.001784190110047348,0.0017801151118474082
2899,0.0017824327998096122,0.0018128635198809207,0.0017909809717675672
2900,0.0017756130901398137,0.001817828330094926,0.0017863228539936244
2901,0.0017790392902679742,0.001790474479785189,0.001781497023999691
2902,0.001783196550095454,0.0018453676800709218,0.001801589882001281
2903,0.0017907318403013052,0.0018027118098689243,0.0017935962381307035
2904,0.0017764247098239138,0.00177729448012542,0.0017768200838472695
2905,0.0017807190999155865,0.0018233751395018772,0.0017957989738788455
2906,0.0017860480799572543,0.0018079253402538597,0.0017935179140185938
2907,0.0017874646099517123,0.010338709659990855,0.0038927532640518625
2908,0.0017817541403928772,0.0018257623398676515,0.0017909431941807272
2909,0.001786165339872241,0.0018256477097747846,0.0017980146137997507
2910,0.001790267379838042,0.0017970095301279797,0.0017921927780844271
2911,0.001797194759710692,0.001854152709711343,0.001816540929954499
2912,0.0017819164803950117,0.0017900014703627677,0.0017840709901647642
2913,0.001791302320198156,0.0018217650998849423,0.0017990887780906632
2914,0.0017952007998246699,0.0018089368601795287,0.0017982458140468223
2915,0.0018014436401426791,0.0018412254599388688,0.0018119438220746814
2916,0.0017923774401424452,0.001955481549957767,0.0018318805519957095
2917,0.0017977054102811963,0.0018163736403221265,0.0018028237321414055
2918,0.0018027801299467683,0.0018430634500691667,0.00181117398198694
2919,0.0018109788198489695,0.0018165997299365699,0.0018123138239607213
2920,0.0017947474902030081,0.0018355213198810816,0.001804825134109706
2921,0.0017994321003789082,0.0019497810199391096,0.0018329440780216828
2922,0.0018047149904305115,0.0020565191499190404,0.0018560322979465128
2923,0.001811268290039152,0.0018128223100211472,0.0018118988979840653
2924,0.0018016893602907657,0.001844215269666165,0.0018106603900669143
2925,0.0018056999403052033,0.001849068579613231,0.0018161738018970936
2926,0.0018109131098026409,0.0018666966102318838,0.0018237083461135623
2927,0.0018172969995066523,0.0018610304000321776,0.0018265120319556447
2928,0.0018026961397845298,0.0018109353200998156,0.0018061640879604966
2929,0.0018120364099740982,0.0019989523000549527,0.0018523327219299973
2930,0.001819080500281416,0.0018590654898434878,0.0018311208320083098
2931,0.001822526270407252,0.006934458480100147,0.0028468320301035417
2932,0.0018118858896195888,0.0018276866199448704,0.0018173739277990535
2933,0.001816008579917252,0.001845684819854796,0.0018245953839505092
2934,0.0018224602797999978,0.0018296636897139251,0.0018242378619033842
2935,0.0018297792796511203,0.0018712514702929183,0.0018475333120441064
2936,0.0018150999798672274,0.002772214129799977,0.0020137166258646175
2937,0.0018200584896840156,0.001827350229723379,0.0018218715998809785
2938,0.0018246707500657066,0.0018536340101854875,0.0018341015781043097
2939,0.0018320808000862599,0.0018464113696245476,0.0018362890019780025
2940,0.0018239832698600366,0.0018644779000896962,0.001833699765964411
2941,0.0018270236998796463,0.0018834693101234734,0.0018415424298727887
2942,0.001831269600079395,0.0019070931302849203,0.001848119867965579
2943,0.0018377676099771633,0.0018664756696671247,0.0018438901719637214
2944,0.0018222527898615227,0.0018433554301736876,0.001826617499929853
2945,0.001831635829876177,0.0019501110899727793,0.0018647799959871918
2946,0.0018360227899393068,0.0018922361702425406,0.0018559692440321672
2947,0.0018400139402365311,0.0018569917802233249,0.0018436287420336157
2948,0.001830957059864886,0.0018637261097319425,0.0018390442579984665
2949,0.0018368058698251843,0.0018444303300930187,0.0018385625479277225
2950,0.001841166490339674,0.0018827410700032487,0.0018513415082124993
2951,0.0018483738804934546,0.0019065979099832475,0.0018682075900724158
2952,0.0018344299198361114,0.0018428291799500584,0.001836619982146658
2953,0.0018398358300328254,0.0018690222798613831,0.0018460988359292967
2954,0.0018445734301349148,0.0018580020399531349,0.0018492127440404148
2955,0.0018521230400074273,0.0018953656405210496,0.0018625724961748348
2956,0.0018418708001263439,0.0018949399597477168,0.0018593525520991534
2957,0.0018459486903157085,0.0018605644605122506,0.0018501868583261968
2958,0.0018504928395850584,0.0018805188103578985,0.001856627592118457
2959,0.0018574256403371691,0.0018648091499926522,0.0018589869899442418
2960,0.0018423268903279676,0.0018831167201278731,0.0018535551259992642
2961,0.001850645579979755,0.0019084299099631607,0.001870280531933531
2962,0.001854992770240642,0.0018650812195846812,0.0018594899679301308
2963,0.0018593608000082894,0.001888670369517058,0.001867710537975654
2964,0.0018528212001547217,0.0018611891102045775,0.0018565357921179384
2965,0.001857784210005775,0.001866768539766781,0.0018619017340242862
2966,0.00185860336991027,0.00852128791040741,0.003198415349819698
2967,0.0018664705700939521,0.0018739973497577012,0.001869866295834072
2968,0.0018574585701571777,0.001890877410187386,0.0018698378521949052
2969,0.0018603773700306193,0.0019133438303833828,0.0018737853539641948
2970,0.0018662161601241678,0.001925616730004549,0.0018799416340189053
2971,0.0018709189002402127,0.0018964165396755561,0.001879422531928867
2972,0.0018612524098716677,0.001871304090018384,0.0018634904039790852
2973,0.001866804999881424,0.001895133390207775,0.0018725506641203537
2974,0.0018704215704929083,0.0019098246697103604,0.0018826147619402035
2975,0.0018777942599263041,0.0019402998499572278,0.001892861274071038
2976,0.0018619527400005609,0.001890882430016063,0.0018680429940577596
2977,0.0018700764002278448,0.0018923962599365041,0.0018786674882285298
2978,0.0018766145600238814,0.0019120040902635082,0.0018853198480792345
2979,0.0018792889302130789,0.0019179816398536787,0.0018891289221355692
2980,0.0018713935604318976,0.006243027359596453,0.0027494280319660903
2981,0.0018772695196093991,0.001956782729830593,0.0018953899499028922
2982,0.0018808916897978633,0.0019054112501908093,0.0018862746100639922
2983,0.0018903946498176082,0.0019021791603881866,0.0018943867780035362
2984,0.0018750750896288082,0.0019150810001883655,0.0018847808720311152
2985,0.0018773230502847583,0.010470174209913238,0.003599165156017989
2986,0.0018831781897461041,0.001918261430109851,0.0018903477138374001
2987,0.0018910275399684907,0.0018980266497237608,0.0018926208139164375
2988,0.0018819885002449154,0.0019187308702385054,0.001893069034209475
2989,0.0018856125697493554,0.0019473858404671772,0.001904817172093317
2990,0.0018907805602066219,0.0018971033400157467,0.001892586214118637
2991,0.001898169870255515,0.0019100743002491071,0.0019020446682116016
2992,0.0018821051495615394,0.0018904579401714727,0.001885517781949602
2993,0.001889401010121219,0.0019287036301102488,0.0018990121320821343
2994,0.0019002367899520322,0.0030550196999683974,0.0021426281901076433
2995,0.0018992680200608447,0.0019153522496344522,0.0019048605778953062
2996,0.0018931112199788913,0.0019166787498397753,0.0019011755499523132
2997,0.0018983867799397557,0.0019426137703703716,0.0019095995461102574
2998,0.0019001170102274046,0.0019567034702049567,0.0019218579720472917
2999,0.0019064976897789165,0.010974795300280676,0.003722655636025593
3000,0.0018944210396148265,0.001920773729798384,0.001900151767884381
3001,0.0019004737300565466,0.001982431259821169,0.0019186587500153109
3002,0.0019050569500541315,0.0019128085300326348,0.0019071038400288673
3003,0.0019089908699970693,0.0019691333797527476,0.0019294321038760246
3004,0.0018998824205482378,0.0019070402201032267,0.0019028043022844942
3005,0.001906009329832159,0.0019355293700937181,0.0019139859279384836
3006,0.0019107911101309582,0.001952380680013448,0.001920853115967475
3007,0.001917079120175913,0.0019280056800926105,0.001922007082030177
3008,0.001901428570272401,0.001958596279728226,0.001918479079962708
3009,0.001910555639769882,0.0019185738201485947,0.0019123719680355863
3010,0.0019146805402124301,0.001946313719963655,0.0019228821359574793
3011,0.0019194133201381192,0.0019600654899841175,0.0019293130519799889
3012,0.0019130908098304645,0.007644768750178627,0.0030619990380946543
3013,0.0019155511801363901,0.0019323736400110648,0.0019204498761100693
3014,0.0019229880801867694,0.0019522596697788685,0.0019294095439836383
3015,0.0019297548598842696,0.001940739820129238,0.001933295015944168
3016,0.001916474000317976,0.0019581711001228543,0.0019262059780303389
3017,0.0019212133099790662,0.0019773826899472623,0.0019399983879411595
3018,0.0019249129301169886,0.0019338042801246046,0.0019284538179636002
3019,0.001931862640194595,0.0019571153301512823,0.0019370875200256706
3020,0.0019220964796841144,0.001960916520329192,0.0019316750901052725
3021,0.001926430250168778,0.0019409118697512895,0.0019333568739239126
3022,0.0019284822494955733,0.010663870230200701,0.003677975538070314
3023,0.001936438309494406,0.0019749216397758574,0.0019487703517079354
3024,0.0019210290996124967,0.001961999440100044,0.0019317973799770696
3025,0.0019307968200882896,0.0019893816800322386,0.0019452774000819773
3026,0.0019360512698767707,0.001962192860082723,0.0019447965540457517
3027,0.0019407159299589694,0.0019461449002847076,0.0019428216940723358
3028,0.0019336071895668283,0.001963306369725615,0.0019403456619475038
3029,0.0019368433603085577,0.001975077540264465,0.0019491915621329097
3030,0.00194080435030628,0.0019971714704297484,0.0019547009981470184
3031,0.001950924419797957,0.0019788439699914306,0.0019576924279099328
3032,0.0019369258801452815,0.0019651484600035473,0.0019476365640293807
3033,0.0019418942998163402,0.0019502060901140795,0.0019440268100006507
3034,0.0019473225495312363,0.001986815810087137,0.00195814807980787
3035,0.001953102940460667,0.0022199693595757707,0.0020204850619193167
3036,0.0019416929903673008,0.0019494490901706741,0.0019444347581593318
3037,0.0019482305698329582,0.001977180870017037,0.0019543192299315707
3038,0.0019520086300326511,0.0019656137400306762,0.001955682854051702
3039,0.0019567666499642655,0.002009014690411277,0.001976366546121426
3040,0.001941590549540706,0.001999156370293349,0.0019597724999766797
3041,0.0019506177498260513,0.0019632685399847104,0.001955294932005927
3042,0.001954952219966799,0.001984539479599334,0.0019614008758217097
3043,0.0019597219803836195,0.0020124722202308474,0.001971733260084875
3044,0.0019523089897120372,0.001959791500121355,0.0019554579958785323
3045,0.001953247769852169,0.01087721316027455,0.0037413513660430908
3046,0.001963381679961458,0.0019963313499465583,0.001971778994076885
3047,0.001970286730211228,0.0020086873904801906,0.001979869010159746
3048,0.0019554955401690677,0.005748277470120229,0.0027173717099940402
3049,0.001955206690472551,0.001964463110198267,0.0019593013860285283
3050,0.0019649830396519974,0.0019958621502155437,0.001976507457904518
3051,0.0019722077599726618,0.001984537660027854,0.00197599385806825
3052,0.001960992359672673,0.0020019132300512863,0.001969914056127891
3053,0.0019662333803717046,0.002044543770025484,0.0019991619081702085
3054,0.0019707269297214226,0.0019829916197340934,0.001976573095889762
3055,0.0019783293397631495,0.0020066993799991908,0.0019844871419481937
3056,0.0019623712199972943,0.002078896650345996,0.001998734036111273
3057,0.001971007700194605,0.0020271600299747662,0.0019861182020977143
3058,0.001976208739797585,0.0020085466001182797,0.0019854483498493213
3059,0.0019807755301008002,0.001991156890289858,0.0019848385942168533
3060,0.001972255739965476,0.0019998483802191915,0.001978489788016304
3061,0.001978068889584392,0.002015447310404852,0.001987369089969434
3062,0.001984826659900136,0.002039615209796466,0.0020044088958529756
3063,0.001991882260190323,0.0019991037901490928,0.001994126563891768
3064,0.0019752144697122278,0.002001105310046114,0.001980510391877033
3065,0.001982057299464941,0.001995665420545265,0.001986268543987535
3066,0.0019883086398476734,0.0020272005099104718,0.001997771290014498
3067,0.0019898463203571735,0.004978885919554159,0.002591320820036344
3068,0.0019819578703027217,0.0019882922898977994,0.0019835396300768478
3069,0.001989373739925213,0.0020198597299167886,0.001996099598007277
3070,0.0019929193699499592,0.009780649570166134,0.0035537087840493767
3071,0.001995138989877887,0.0020228821801720185,0.0020032463899115104
3072,0.001981554679805413,0.0019906461000209676,0.0019852423259289938
3073,0.0019916317902971058,0.0020217422000132503,0.0019982093560975043
3074,0.0019952843099599704,0.0020356938301119955,0.0020083991579012946
3075,0.0020006950304377823,0.0021001353999599813,0.002029079980100505
3076,0.001992812700336799,0.002000317730125971,0.0019948675722116604
3077,0.0019972710899310185,0.002033806369872764,0.0020070147319929676
3078,0.0020041861396748574,0.0020164489204762505,0.002009350663982332
3079,0.0020116899500135332,0.0020514052198268473,0.0020213664598995817
3080,0.0019968320603948085,0.0020550570503110066,0.0020139552480541167
3081,0.0020026625302853062,0.0020172706799348817,0.0020072567620081825
3082,0.0020080333901569248,0.002036063799750991,0.00201408623799216
3083,0.002014149590395391,0.002166141030029394,0.0020566203480120748
3084,0.0020044994400814174,0.002198339619790204,0.0020465774681651962
3085,0.002008210570202209,0.002037779400125146,0.0020144622480729596
3086,0.002012796489871107,0.0020600117702269925,0.0020259782820940017
3087,0.002020333470427431,0.002050141330109909,0.0020276374442037195
3088,0.0020032656600233166,0.002043520589941181,0.002014907545992173
3089,0.0020129368198104204,0.002260214459965937,0.0021107086481060833
3090,0.002018284220248461,0.0020244262798223642,0.0020201666979119183
3091,0.0020221187698189168,0.0020276244799606502,0.002023911107797176
3092,0.0020140340697253124,0.0020316427701618524,0.002019325606059283
3093,0.0020194071298465133,0.0020432170800631865,0.002025143882026896
3094,0.00202326861966867,0.0020822095102630556,0.0020407668760744854
3095,0.0020334008196368812,0.0020462748198769986,0.0020376786579145117
3096,0.0020176668302156033,0.0020440218196017667,0.0020231891218572854
3097,0.0020229951897636055,0.002035861879703589,0.0020273898439481853
3098,0.002027151330257766,0.002208429069723934,0.002070301506086253
3099,0.002034066999913193,0.002039791289716959,0.002035354495747015
3100,0.002023740119766444,0.0020495838695205747,0.002031505445949733
3101,0.00202878066978883,0.0020366152003407478,0.0020305951200425623
3102,0.002034435830428265,0.0020737787103280426,0.0020437594461254773
3103,0.0020411878800950943,0.003921822390402667,0.0024192715160315853
3104,0.0020260258199414237,0.0020337171998107808,0.002027633323916234
3105,0.002035429200041108,0.002060939450166188,0.00204494835191872
3106,0.0020381512300809844,0.002072851569973864,0.0020454035459551963
3107,0.0020390412298729645,0.008890951020293868,0.0034220491281012075
3108,0.0020334620797075333,0.0020396984100807458,0.002035759837832302
3109,0.002038215610082261,0.0020643466903129595,0.0020440832702443004
3110,0.002045996240340173,0.002163051079842262,0.0020823662880575288
3111,0.0020552470302209257,0.002109587150043808,0.002073954494204372
3112,0.0020393849996617063,0.002048122679698281,0.0020415420000208543
3113,0.0020435815199743956,0.00207446662010625,0.002053862052038312
3114,0.0020499292301246895,0.0020561153697781264,0.0020516595559893175
3115,0.002056385650066659,0.0020987468102248385,0.0020662236000644043
3116,0.0020450893195811657,0.0021058785601053387,0.0020696549299173057
3117,0.002051624680170789,0.0020600468799239022,0.002053498366032727
3118,0.0020543540199287236,0.002070471110055223,0.0020582497459836306
3119,0.0020623478398192675,0.0021040002000518145,0.0020720205719117076
3120,0.002045732850092463,0.0021012264501769095,0.0020630578380078078
3121,0.002054978630039841,0.0020682455302448942,0.0020591053079115225
3122,0.0020592068904079497,0.0020889940101187676,0.002065401853993535
3123,0.0020657617901451886,0.002076139239943586,0.002068179690046236
3124,0.0020568780397297814,0.0020982338796602562,0.0020679844638798383
3125,0.0020579510898096486,0.0024881163297686727,0.002145950648002327
3126,0.0020644194300984964,0.0020700105896685273,0.0020657046599080785
3127,0.0020737024798290803,0.0021007706498494374,0.002082965307869017
3128,0.002058552849921398,0.002099197980132885,0.0020697952099144458
3129,0.0020662762701977046,0.0021358274202793836,0.002088127946131863
3130,0.0020691057899966834,0.00207904624985531,0.002071429737843573
3131,0.00207677913014777,0.0021035614697029813,0.0020824919020524246
3132,0.002066822630004026,0.0020789089903701097,0.002071350052137859
3133,0.00207101603038609,0.0021132776100421325,0.002081538789905608
3134,0.002075352210085839,0.0021338326402474193,0.0020881444000406192
3135,0.002083144859643653,0.0020914329099468885,0.0020848838478559626
3136,0.00206795834004879,0.002081369620282203,0.002071816077921539
3137,0.002075633979984559,0.0021279411000432445,0.002087716591893695
3138,0.0020804633403895424,0.0021347646799404173,0.002091981588047929
3139,0.0020861002703895792,0.002096998259657994,0.002089767394005321
3140,0.0020776936900801955,0.0021056174096884205,0.0020849070760887113
3141,0.0020815602102084085,0.0020864516898291188,0.0020829471460310743
3142,0.0020864451699890195,0.002127630279865116,0.0020960214202059434
3143,0.002097800680203363,0.0023558753798715772,0.00216807261609938
3144,0.002082589539932087,0.002092187069938518,0.002084659702144563
3145,0.0020878535899100823,0.002116178850410506,0.002096329509979114
3146,0.0020922621997306124,0.002178052230156027,0.002118684730026871
3147,0.002098312579910271,0.0022897139500128107,0.0021417412200244144
3148,0.0020867239095969125,0.002104737430345267,0.0020903690920677036
3149,0.002092550580273382,0.0021272155601764096,0.002099638639949262
3150,0.002097528509912081,0.0021049469901481643,0.0020994070859160275
3151,0.002104492759681307,0.00634522461972665,0.0029640014499891553
3152,0.0020859784103231505,0.0020927897799992933,0.0020882539820158853
3153,0.0020955033996142448,0.0021066082699690014,0.002099105521920137
3154,0.002102703980053775,0.002112932350137271,0.0021050638800952587
3155,0.0021074979699915275,0.0021673378598643465,0.0021290456879651176
3156,0.0021034680400043725,0.0036535187298431995,0.002414069487946108
3157,0.0021072753402404487,0.0021347507397877054,0.0021132842160295697
3158,0.0021107415301958097,0.002127627399750054,0.0021169471800094467
3159,0.002118717809789814,0.002160243540420197,0.0021288741539465263
3160,0.002102825820329599,0.0021815683599561452,0.0021390048461034893
3161,0.0021077886398416013,0.0021244145301170646,0.0021114549938356505
3162,0.002111402999726124,0.002136978750349954,0.0021168136381311342
3163,0.0021197565499460323,0.0022348338802112267,0.0021521071338793264
3164,0.002109417360043153,0.0021641874400665983,0.0021316158380359413
3165,0.0021132904797559605,0.002117294860072434,0.002114549229852855
3166,0.00211867586011067,0.0021571706800023096,0.0021266667720628903
3167,0.0021255501301493496,0.002130031469860114,0.002126737667946145
3168,0.0021113855903968216,0.0021504497597925366,0.002120033924118616
3169,0.0021169722301419822,0.0021749825100414455,0.0021371802180074157
3170,0.0021277549001388254,0.0021291506401030346,0.002128289096057415
3171,0.002131229809601791,0.002159947970067151,0.0021409768901066856
3172,0.0021248312800889835,0.0021625600999686865,0.0021333992339204995
3173,0.0021285648399498314,0.0021836582198739053,0.00214495806384366
3174,0.002132510399678722,0.002144147229846567,0.002136598125915043
3175,0.0021401890402194114,0.0021704904700163754,0.002146588281961158
3176,0.002125266329967417,0.002133040450280532,0.0021274265880929307
3177,0.002129941000021063,0.0022343158803414553,0.0021622114180354403
3178,0.002135138229932636,0.0021659497899236156,0.0021429613999789576
3179,0.002141055670217611,0.0021780571702402084,0.002148682181956247
3180,0.0021303686598548666,0.002137010109727271,0.0021332071078941227
3181,0.0021365037799114363,0.0021832925704075024,0.0021463087160373106
3182,0.0021392207103781403,0.002194365070317872,0.0021570904820691792
3183,0.00214730067003984,0.0021549019805388527,0.002149127614102326
3184,0.002129974099807441,0.0021711400599451736,0.0021468945259694007
3185,0.0021396182000171394,0.002186190190259367,0.002153741811984219
3186,0.002143489929731004,0.0022038730996428056,0.0021618378680432213
3187,0.002152415720047429,0.0021736528998007997,0.002158109403913841
3188,0.00214457826979924,0.0021735808602534237,0.002150869384058751
3189,0.0021484143403358758,0.0021558659803122284,0.0021505939001217485
3190,0.0021554039302282037,0.0022124938102206213,0.0021794802302028985
3191,0.0021598638099385426,0.00218543496041093,0.002166970218066126
3192,0.0021461238397751004,0.0021841228503035382,0.0021555482581024988
3193,0.0021518554404610767,0.0021581584902014583,0.0021552200539736075
3194,0.002156885070144199,0.0022455069300485776,0.002175498938071541
3195,0.002162864410202019,0.0024497862404678017,0.0022321792702423406
3196,0.0021524931699968873,0.00216146326973103,0.0021560316419927403
3197,0.002156530700158328,0.0021830725099425763,0.002163629490067251
3198,0.0021626998903229834,0.0022308083798270673,0.002178722450044006
3199,0.0021689409198006617,0.011314901449950412,0.004005477735889144
3200,0.0021511548897251488,0.0021581834595417603,0.002153786351904273
3201,0.0021602636302122846,0.002186627610353753,0.002166409950121306
3202,0.0021694887802004813,0.00236515533993952,0.0022197588140843434
3203,0.002170041559729725,0.002174898089724593,0.0021722749619511885
3204,0.0021646088897250594,0.0021893792797345667,0.0021739600119180975
3205,0.002168251890107058,0.0021971383603522554,0.0021763969061430544
3206,0.0021750108699779957,0.0022217479400569572,0.0021858561200788244
3207,0.002180524159921333,0.006237523480085656,0.002993998796097003
3208,0.0021652227599406617,0.002175479389843531,0.0021693407797720283
3209,0.0021730321302311493,0.002214831949677318,0.0021850229299161584
3210,0.0021781124599510805,0.0022185812395764514,0.002189002429950051
3211,0.0021828104794258253,0.0022405889199580997,0.002204899391857907
3212,0.0021721789601724596,0.0022252595599275083,0.0021857968280091884
3213,0.0021784947201376782,0.0022064458800014107,0.0021862022560089826
3214,0.0021820225199917333,0.0022997754800599068,0.0022167960300575945
3215,0.0021906856301939113,0.0022044595499755813,0.0021950383220100773
3216,0.0021733442402910442,0.0022067405900452284,0.0021823403741000223
3217,0.0021833212400088086,0.0021985905797919257,0.0021889024379197508
3218,0.0021867842302890493,0.0022164229495683684,0.002193282564054243
3219,0.002192632029764354,0.0022486431599827482,0.002214214691892266
3220,0.002183497520163655,0.0022136548097478224,0.0021915897680446503
3221,0.002187704360112548,0.0021939694398315623,0.002189380808034912
3222,0.0021961475000716745,0.0022261825297027827,0.0022049749399302527
3223,0.0022035513300215828,0.002261807730537839,0.0022167400199687107
3224,0.002188591849990189,0.0021972667099907995,0.0021910751779796555
3225,0.002194328859914094,0.0022205560898873955,0.0022018780239159244
3226,0.002199319920036942,0.00222827680001501,0.00220558166410774
3227,0.0022055553295649588,0.002241966240108013,0.002214704658021219
3228,0.002193585789646022,0.002249318599933758,0.00220642179180868
3229,0.002199177620350383,0.0022239249700214715,0.002204779720050283
3230,0.002203909300151281,0.002232223629835062,0.0022124823558842765
3231,0.0022118813794804737,0.002259621070115827,0.002221867087879218
3232,0.0021944262698525563,0.002256537569919601,0.002211264425888658
3233,0.0022048273502150552,0.0022320424701320007,0.0022109570001484827
3234,0.0022099989198613914,0.0022222083999076858,0.002215148978051729
3235,0.0022193786600837482,0.00224218827963341,0.0022266720799962057
3236,0.0022083670500433073,0.0022696755803190173,0.0022317888400284576
3237,0.002214893490308896,0.0022411452600499615,0.002221260208170861
3238,0.0022198299498995765,0.002226985539891757,0.002221928616054356
3239,0.002227106950012967,0.002257073269574903,0.0022341784520540386
3240,0.0022099786397302523,0.0022780731902457773,0.002235906340065412
3241,0.0022170456603635104,0.0022434464003890753,0.002223753700149245
3242,0.002222748500062153,0.0022288799396483227,0.0022246465898351745
3243,0.002227776320069097,0.0022554947703611107,0.0022350305020809175
3244,0.00221701567992568,0.002269343399675563,0.002237694629933685
3245,0.0022242696303874255,0.002482780899736099,0.0022781333181774244
3246,0.002227916150004603,0.0022557411796879025,0.002234832409885712
3247,0.0022344452899415047,0.002264257239876315,0.0022404809379950167
3248,0.0022193064901512116,0.002262023760122247,0.0022385083659319208
3249,0.0022209167201071977,0.0047695519699482245,0.0027333012660965324
3250,0.0022310228500282392,0.002258369909832254,0.0022423972059041264
